MasterCatalogName,AttributeCode,AttributeAdminName,AttributeName,Description,DataType,InputType,IsExtra,IsOption,IsProperty,Namespace,SearchableInStorefront,SearchableInAdmin,SearchDisplayValue
Partner sandbox,availability,availability,Availability,,String,List,No,No,Yes,Tenant,Yes,Yes,No
Partner sandbox,product-crosssell,Product Cross-Sells,Product Cross-Sells,,String,TextBox,No,No,Yes,Tenant,No,No,No
Partner sandbox,popularity,Popularity,Popularity,,Number,TextBox,No,No,Yes,Tenant,Yes,Yes,No
Partner sandbox,price-list-entry-type,price-list-entry-type,PriceListEntryType,This Attribute allows you to define price list entry types,String,List,No,No,Yes,system,No,Yes,Yes
Partner sandbox,rating,Rating,Rating,,Number,TextBox,No,No,Yes,Tenant,Yes,Yes,No
Partner sandbox,product-related,Related Products,Related Products,,String,TextBox,No,No,Yes,Tenant,No,No,No
Partner sandbox,product-upsell,Product Upsells,Product Upsells,,String,TextBox,No,No,Yes,Tenant,No,No,No
Partner sandbox,reserve-inventory-in-cart,reserve-inventory-in-cart,Reserve Inventory In Cart,,Bool,YesNo,No,No,Yes,Tenant,No,Yes,No
Partner sandbox,average-boil-time-min-,Average Boil Time (min),Average Boil Time (min),,Number,TextBox,No,No,Yes,Tenant,Yes,Yes,Yes
Partner sandbox,backpack-extra-test,Backpack Extra Test,Backpack Extra Test,,ProductCode,List,Yes,No,No,Tenant,Yes,Yes,Yes
Partner sandbox,best-use,Best Use,Best Use,,String,List,No,No,Yes,Tenant,Yes,Yes,Yes
Partner sandbox,brand,Brand,Brand,,String,List,Yes,No,Yes,Tenant,Yes,Yes,Yes
Partner sandbox,brand-colors,Color,Color,,String,List,Yes,Yes,Yes,Tenant,Yes,Yes,Yes
Partner sandbox,btu-total,BTU Total,BTU Total,,Number,TextBox,No,No,Yes,Tenant,Yes,Yes,Yes
Partner sandbox,camping-bundle-packs,Camping Bundle Packs,Camping Bundle Packs,,ProductCode,List,Yes,No,No,Tenant,Yes,Yes,Yes
Partner sandbox,faset-color,Color,Color,,String,List,Yes,Yes,Yes,Tenant,Yes,Yes,Yes
Partner sandbox,features,Features,Features,,String,List,No,No,Yes,Tenant,Yes,Yes,Yes
Partner sandbox,fits-up-to,Fits Up To,Fits Up To,,String,List,No,Yes,Yes,Tenant,Yes,Yes,Yes
Partner sandbox,floor-area-sq-ft-,Floor Area (sq ft),Floor Area (sq ft),,Number,TextBox,No,No,Yes,Tenant,Yes,Yes,Yes
Partner sandbox,fuel,Fuel,Fuel,,String,List,No,No,Yes,Tenant,Yes,Yes,Yes
Partner sandbox,gender,Gender,Gender,,String,List,No,Yes,Yes,Tenant,Yes,Yes,Yes
Partner sandbox,hazardous,Hazardous,Hazardous,,Bool,YesNo,No,No,Yes,Tenant,Yes,Yes,Yes
Partner sandbox,hot-item,Hot Item,Hot Item,,Bool,YesNo,No,No,Yes,Tenant,Yes,Yes,Yes
Partner sandbox,insulated,Insulated,Insulated,,Bool,YesNo,No,No,Yes,Tenant,Yes,Yes,Yes
Partner sandbox,insulation-type,Insulation Type,Insulation Type,,String,List,No,No,Yes,Tenant,Yes,Yes,Yes
Partner sandbox,length,Length,Length,,String,List,No,Yes,No,Tenant,Yes,Yes,Yes
Partner sandbox,materials,Materials,Materials,,String,TextArea,No,No,Yes,Tenant,No,Yes,Yes
Partner sandbox,minimum-trail-weight-lbs,Minimum Trail Weight - lbs,Minimum Trail Weight - lbs,,Number,TextBox,No,No,Yes,Tenant,Yes,Yes,Yes
Partner sandbox,monogram,Monogram,Monogram,,String,TextBox,Yes,No,No,Tenant,Yes,Yes,Yes
Partner sandbox,mystic-tested,Mystic Tested,Mystic Tested,,Bool,YesNo,No,No,Yes,Tenant,Yes,Yes,Yes
Partner sandbox,number-of-burners,Number of Burners,Number of Burners,,Number,List,No,No,Yes,Tenant,Yes,Yes,Yes
Partner sandbox,number-of-doors,Number of Doors,Number of Doors,,String,List,No,No,Yes,Tenant,Yes,Yes,Yes
Partner sandbox,number-of-poles,Number of Poles,Number of Poles,,Number,TextBox,No,No,Yes,Tenant,Yes,Yes,Yes
Partner sandbox,other-details,Other Details,Other Details,,String,TextArea,No,No,Yes,Tenant,No,Yes,Yes
Partner sandbox,pole-diameter-mm-,Pole Diameter (mm),Pole Diameter (mm),,Number,TextBox,No,No,Yes,Tenant,Yes,Yes,Yes
Partner sandbox,pole-material,Pole Material,Pole Material,,String,List,No,No,Yes,Tenant,Yes,Yes,Yes
Partner sandbox,product-video-1,Product Video 1,Product Video 1,,String,TextBox,No,No,Yes,Tenant,Yes,Yes,Yes
Partner sandbox,role,role,role,,String,List,No,No,Yes,Tenant,Yes,Yes,Yes
Partner sandbox,season,Season,Season,,String,List,No,No,Yes,Tenant,Yes,Yes,Yes
Partner sandbox,seasons,Seasons,Seasons,,String,List,No,No,Yes,Tenant,Yes,Yes,Yes
Partner sandbox,sleeping-bag-shape,Sleeping Bag Shape,Sleeping Bag Shape,,String,List,No,Yes,Yes,Tenant,Yes,Yes,Yes
Partner sandbox,sleeping-capacity,Sleeping Capacity,Sleeping Capacity,,String,List,No,Yes,Yes,Tenant,Yes,Yes,Yes
Partner sandbox,specifications,Specifications,Specifications,,String,TextArea,No,No,Yes,Tenant,No,Yes,Yes
Partner sandbox,temperature-rating,Temperature Rating (F),Temperature Rating (F),,String,List,No,Yes,Yes,Tenant,Yes,Yes,Yes
Partner sandbox,tent-extras,Tent Extras,Tent Extras,,ProductCode,List,Yes,No,No,Tenant,Yes,Yes,Yes
Partner sandbox,tent-length,Tent Length,Tent Length,,String,List,No,No,Yes,Tenant,Yes,Yes,Yes
Partner sandbox,tent-type,Tent Type,Tent Type,,String,List,No,No,Yes,Tenant,Yes,Yes,Yes
Partner sandbox,top-seller,Top Seller,Top Seller,,Bool,YesNo,No,No,Yes,Tenant,Yes,Yes,Yes
Partner sandbox,vestibule-area-sq-ft-,Vestibule Area (sq ft),Vestibule Area (sq ft),,Number,TextBox,No,No,Yes,Tenant,Yes,Yes,Yes
Partner sandbox,weight,Weight (lbs),Weight (lbs),,String,List,No,No,Yes,Tenant,Yes,Yes,Yes
Partner sandbox,zipper-location,Zipper Location,Zipper Location,,String,List,No,No,Yes,Tenant,Yes,Yes,Yes