MasterCatalogName,AttributeCode,DataType,Namespace,Value,Name,DisplayOrder
Partner sandbox,availability,String,Tenant,24hrs,Usually Ships in 24 Hours,1
Partner sandbox,availability,String,Tenant,24-48hrs,Usually Ships in 24 to 48 Hours,2
Partner sandbox,availability,String,Tenant,24-72hrs,Usually Ships in 24 to 72 Hours,3
Partner sandbox,availability,String,Tenant,1-2days,Usually Ships in 1 to 2 Days,4
Partner sandbox,availability,String,Tenant,2-3days,Usually Ships in 2 to 3 Days,5
Partner sandbox,availability,String,Tenant,1-2weeks,Usually Ships in 1 to 2 Weeks,6
Partner sandbox,availability,String,Tenant,2-3weeks,Usually Ships in 2 to 3 Weeks,7
Partner sandbox,availability,String,Tenant,2-4weeks,Usually Ships in 2 to 4 Weeks,8
Partner sandbox,availability,String,Tenant,4-6weeks,Usually Ships in 4 to 6 Weeks,9
Partner sandbox,availability,String,Tenant,Yes,Yes,10
Partner sandbox,availability,String,Tenant,No,No,11
Partner sandbox,price-list-entry-type,String,system,PLCODE,An example price list entry type,1
Partner sandbox,best-use,String,Tenant,Backcountry-Skiing,Backcountry Skiing,7
Partner sandbox,best-use,String,Tenant,Backpacking,Backpacking,15
Partner sandbox,best-use,String,Tenant,Bike-Commuting,Bike Commuting,24
Partner sandbox,best-use,String,Tenant,Camping,Camping,22
Partner sandbox,best-use,String,Tenant,Casual,Casual,2
Partner sandbox,best-use,String,Tenant,Climbing,Climbing,6
Partner sandbox,best-use,String,Tenant,Cross-Country-Skiing,Cross-Country Skiing,11
Partner sandbox,best-use,String,Tenant,Downhill-Skiing,Downhill Skiing,8
Partner sandbox,best-use,String,Tenant,Fishing,Fishing,21
Partner sandbox,best-use,String,Tenant,Fitness,Fitness,12
Partner sandbox,best-use,String,Tenant,Hiking,Hiking,1
Partner sandbox,best-use,String,Tenant,Ice-Climbing,Ice Climbing,18
Partner sandbox,best-use,String,Tenant,Mountaineering,Mountaineering,13
Partner sandbox,best-use,String,Tenant,Multisport,Multisport,9
Partner sandbox,best-use,String,Tenant,Rock-Climbing,Rock Climbing,16
Partner sandbox,best-use,String,Tenant,Running,Running,5
Partner sandbox,best-use,String,Tenant,Snowboarding,Snowboarding,10
Partner sandbox,best-use,String,Tenant,Snowshoeing,Snowshoeing,19
Partner sandbox,best-use,String,Tenant,Snowsports,Snowsports,4
Partner sandbox,best-use,String,Tenant,Trail-Running,Trail Running,17
Partner sandbox,best-use,String,Tenant,Travel,Travel,3
Partner sandbox,best-use,String,Tenant,Urban-Cycling,Urban Cycling,20
Partner sandbox,best-use,String,Tenant,Watersports,Watersports,23
Partner sandbox,best-use,String,Tenant,Yoga,Yoga,14
Partner sandbox,brand,String,Tenant,Ahnu,Ahnu,65
Partner sandbox,brand,String,Tenant,ALPS-Moutaineering,ALPS Moutaineering,50
Partner sandbox,brand,String,Tenant,Arc-teryx,Arc'teryx,2
Partner sandbox,brand,String,Tenant,Asolo,Asolo,66
Partner sandbox,brand,String,Tenant,Avex,Avex,96
Partner sandbox,brand,String,Tenant,Bauer,Bauer,103
Partner sandbox,brand,String,Tenant,Big-Agnes,Big Agnes,3
Partner sandbox,brand,String,Tenant,Biolite,Biolite,82
Partner sandbox,brand,String,Tenant,Black-Diamond,Black Diamond,4
Partner sandbox,brand,String,Tenant,Bolle,Bolle,53
Partner sandbox,brand,String,Tenant,CamelBak,CamelBak,30
Partner sandbox,brand,String,Tenant,Camp-Chef,Camp Chef,83
Partner sandbox,brand,String,Tenant,Chaco,Chaco,61
Partner sandbox,brand,String,Tenant,Chaos,Chaos,43
Partner sandbox,brand,String,Tenant,Coleman,Coleman,84
Partner sandbox,brand,String,Tenant,Columbia,Columbia,5
Partner sandbox,brand,String,Tenant,Craghoppers,Craghoppers,6
Partner sandbox,brand,String,Tenant,Cycle-Dog,Cycle Dog,60
Partner sandbox,brand,String,Tenant,Deuter,Deuter,33
Partner sandbox,brand,String,Tenant,Eagle-Creek,Eagle Creek,98
Partner sandbox,brand,String,Tenant,ENO,ENO,39
Partner sandbox,brand,String,Tenant,Esbit,Esbit,86
Partner sandbox,brand,String,Tenant,Eureka,Eureka,81
Partner sandbox,brand,String,Tenant,ExOfficio,ExOfficio,7
Partner sandbox,brand,String,Tenant,Exped,Exped,8
Partner sandbox,brand,String,Tenant,Five-Ten,Five Ten,64
Partner sandbox,brand,String,Tenant,Garmin,Garmin,77
Partner sandbox,brand,String,Tenant,Gerber,Gerber,1
Partner sandbox,brand,String,Tenant,GoalZero,GoalZero,79
Partner sandbox,brand,String,Tenant,GoPro,GoPro,59
Partner sandbox,brand,String,Tenant,Gordini,Gordini,55
Partner sandbox,brand,String,Tenant,GoSun,GoSun,89
Partner sandbox,brand,String,Tenant,Gregory,Gregory,35
Partner sandbox,brand,String,Tenant,Haglofs,Haglofs,9
Partner sandbox,brand,String,Tenant,Helly-Hansen,Helly Hansen,10
Partner sandbox,brand,String,Tenant,HENNESSY,HENNESSY,41
Partner sandbox,brand,String,Tenant,Hi-Tec,Hi-Tec,72
Partner sandbox,brand,String,Tenant,HOKA-ONE-ONE,HOKA ONE ONE,70
Partner sandbox,brand,String,Tenant,Icebreaker,Icebreaker,74
Partner sandbox,brand,String,Tenant,JanSport,JanSport,40
Partner sandbox,brand,String,Tenant,Jetboil,Jetboil,87
Partner sandbox,brand,String,Tenant,Julbo,Julbo,52
Partner sandbox,brand,String,Tenant,Kammock,Kammock,73
Partner sandbox,brand,String,Tenant,KEEN,KEEN,67
Partner sandbox,brand,String,Tenant,Kelty,Kelty,11
Partner sandbox,brand,String,Tenant,Klean-Kanteen,Klean Kanteen,97
Partner sandbox,brand,String,Tenant,KUHL,KUHL,12
Partner sandbox,brand,String,Tenant,La-Sportiva,La Sportiva,13
Partner sandbox,brand,String,Tenant,Lorpen,Lorpen,76
Partner sandbox,brand,String,Tenant,Lowa,Lowa,62
Partner sandbox,brand,String,Tenant,Lucy,Lucy,14
Partner sandbox,brand,String,Tenant,Mammut,Mammut,15
Partner sandbox,brand,String,Tenant,Manzella,Manzella,56
Partner sandbox,brand,String,Tenant,Marmot,Marmot,16
Partner sandbox,brand,String,Tenant,Merrell,Merrell,17
Partner sandbox,brand,String,Tenant,Mizu,Mizu,94
Partner sandbox,brand,String,Tenant,MONTANE,MONTANE,18
Partner sandbox,brand,String,Tenant,Mountain-Hardwear,Mountain Hardwear,19
Partner sandbox,brand,String,Tenant,Mountain-Khakis,Mountain Khakis,20
Partner sandbox,brand,String,Tenant,MSR,MSR,101
Partner sandbox,brand,String,Tenant,MTI,MTI,92
Partner sandbox,brand,String,Tenant,Mtn-Hardwear,Mtn Hardwear,21
Partner sandbox,brand,String,Tenant,Mystic,Mystic,22
Partner sandbox,brand,String,Tenant,Nau,Nau,23
Partner sandbox,brand,String,Tenant,NEMO,NEMO,46
Partner sandbox,brand,String,Tenant,NRS,NRS,93
Partner sandbox,brand,String,Tenant,Oakley,Oakley,54
Partner sandbox,brand,String,Tenant,Oboz,Oboz,69
Partner sandbox,brand,String,Tenant,Osprey,Osprey,29
Partner sandbox,brand,String,Tenant,Outdoor-Research,Outdoor Research,24
Partner sandbox,brand,String,Tenant,Patagonia,Patagonia,25
Partner sandbox,brand,String,Tenant,Pearl-Izumi,Pearl Izumi,57
Partner sandbox,brand,String,Tenant,Platypus,Platypus,38
Partner sandbox,brand,String,Tenant,prAna,prAna,26
Partner sandbox,brand,String,Tenant,Primus,Primus,80
Partner sandbox,brand,String,Tenant,Reflekt,Reflekt,49
Partner sandbox,brand,String,Tenant,Roark-Revival,Roark Revival,27
Partner sandbox,brand,String,Tenant,Royal-Robbins,Royal Robbins,28
Partner sandbox,brand,String,Tenant,Ruffwear,Ruffwear,58
Partner sandbox,brand,String,Tenant,Salomon,Salomon,63
Partner sandbox,brand,String,Tenant,Sea-to-Summit,Sea to Summit,44
Partner sandbox,brand,String,Tenant,SealLine,SealLine,91
Partner sandbox,brand,String,Tenant,Seattle-Sports,Seattle Sports,90
Partner sandbox,brand,String,Tenant,Serengeti,Serengeti,45
Partner sandbox,brand,String,Tenant,Sherpa-Adventure-Gear,Sherpa Adventure Gear,32
Partner sandbox,brand,String,Tenant,Sierra-Designs,Sierra Designs,31
Partner sandbox,brand,String,Tenant,Smartwool,Smartwool,42
Partner sandbox,brand,String,Tenant,Smith,Smith,51
Partner sandbox,brand,String,Tenant,Snow-Peak,Snow Peak,85
Partner sandbox,brand,String,Tenant,Solo-Stove,Solo Stove,88
Partner sandbox,brand,String,Tenant,Suunto,Suunto,78
Partner sandbox,brand,String,Tenant,Tentsile,Tentsile,48
Partner sandbox,brand,String,Tenant,The-North-Face,The North Face,34
Partner sandbox,brand,String,Tenant,Thorlo,Thorlo,75
Partner sandbox,brand,String,Tenant,Tifosi,Tifosi,47
Partner sandbox,brand,String,Tenant,Timberland,Timberland,68
Partner sandbox,brand,String,Tenant,Timbuk2,Timbuk2,99
Partner sandbox,brand,String,Tenant,Toad-Co,Toad&Co,36
Partner sandbox,brand,String,Tenant,United-by-Blue,United by Blue,100
Partner sandbox,brand,String,Tenant,Vasque,Vasque,71
Partner sandbox,brand,String,Tenant,Warrior,Warrior,102
Partner sandbox,brand,String,Tenant,White-Sierra,White Sierra,37
Partner sandbox,brand,String,Tenant,Yeti,Yeti,95
Partner sandbox,brand,String,Tenant,Chanel,Chanel,104
Partner sandbox,brand,String,Tenant,Gucci,Gucci,105
Partner sandbox,brand,String,Tenant,Prada,Prada,106
Partner sandbox,brand,String,Tenant,Saint-Laurent,Saint Laurent,107
Partner sandbox,brand,String,Tenant,Fendi,Fendi,108
Partner sandbox,brand,String,Tenant,Louis-Vuitton,Louis Vuitton,109
Partner sandbox,brand,String,Tenant,Givenchy,Givenchy,110
Partner sandbox,brand,String,Tenant,Hermes,Hermes,111
Partner sandbox,brand,String,Tenant,Balenciaga,Balenciaga,112
Partner sandbox,brand,String,Tenant,Van-Cleef---Arpels,Van Cleef & Arpels,113
Partner sandbox,brand,String,Tenant,Stephanie-Gottlieb,Stephanie Gottlieb,114
Partner sandbox,brand,String,Tenant,Christian-Dior,Christian Dior,115
Partner sandbox,brand,String,Tenant,Cartier,Cartier,116
Partner sandbox,brand,String,Tenant,Tiffany---Co.,Tiffany & Co.,117
Partner sandbox,brand,String,Tenant,Vivrelle,Vivrelle,118
Partner sandbox,faset-color,String,Tenant,Black,Black,1
Partner sandbox,faset-color,String,Tenant,Blue,Blue,3
Partner sandbox,faset-color,String,Tenant,Green,Green,6
Partner sandbox,faset-color,String,Tenant,Orange,Orange,7
Partner sandbox,faset-color,String,Tenant,Pink,Pink,9
Partner sandbox,faset-color,String,Tenant,Purple,Purple,8
Partner sandbox,faset-color,String,Tenant,Red,Red,4
Partner sandbox,faset-color,String,Tenant,White,White,2
Partner sandbox,faset-color,String,Tenant,Yellow,Yellow,5
Partner sandbox,faset-color,String,Tenant,Athletic-Grey,Athletic Grey,14
Partner sandbox,faset-color,String,Tenant,Blue-with-Black,Blue with Black,13
Partner sandbox,faset-color,String,Tenant,Brown,Brown,16
Partner sandbox,faset-color,String,Tenant,Copper,Copper,15
Partner sandbox,faset-color,String,Tenant,Grey,Grey,10
Partner sandbox,faset-color,String,Tenant,Gunmetal-with-Summer-Fog,Gunmetal with Summer Fog,12
Partner sandbox,faset-color,String,Tenant,Multi,Multi,11
Partner sandbox,faset-color,String,Tenant,Nutmeg,Nutmeg,17
Partner sandbox,features,String,Tenant,2-Way-Zipper,2-Way Zipper,55
Partner sandbox,features,String,Tenant,3-in-1-Jacket,3-in-1 Jacket,56
Partner sandbox,features,String,Tenant,Adjustable-Torso,Adjustable Torso,40
Partner sandbox,features,String,Tenant,Altimeter/Barometer-Lock,Altimeter/Barometer Lock,27
Partner sandbox,features,String,Tenant,Ascent/Descent-Rate,Ascent/Descent Rate,28
Partner sandbox,features,String,Tenant,Auto-Ignition,Auto Ignition,64
Partner sandbox,features,String,Tenant,Avalanche-Airbag,Avalanche Airbag,42
Partner sandbox,features,String,Tenant,Battery-Included,Battery Included,47
Partner sandbox,features,String,Tenant,Biodegradable,Biodegradable,46
Partner sandbox,features,String,Tenant,Bite-Valve-Shut-Off-Switch,Bite Valve Shut-Off Switch,35
Partner sandbox,features,String,Tenant,bluesign,bluesign,62
Partner sandbox,features,String,Tenant,BPA-Free,BPA Free,37
Partner sandbox,features,String,Tenant,Built-in-LED-lighting,Built-in LED lighting,10
Partner sandbox,features,String,Tenant,Camp-Bathroom,Camp Bathroom,49
Partner sandbox,features,String,Tenant,Can-Be-Resoled,Can Be Resoled,50
Partner sandbox,features,String,Tenant,Carry-On-Size,Carry-On Size,31
Partner sandbox,features,String,Tenant,Collapsible,Collapsible,67
Partner sandbox,features,String,Tenant,Compass,Compass,11
Partner sandbox,features,String,Tenant,Compression-Straps,Compression Straps,43
Partner sandbox,features,String,Tenant,Contains-recycled-materials,Contains recycled materials,74
Partner sandbox,features,String,Tenant,Convertible,Convertible,6
Partner sandbox,features,String,Tenant,Cycling-Functions,Cycling Functions,18
Partner sandbox,features,String,Tenant,Elevation-Gain/Loss,Elevation Gain/Loss,25
Partner sandbox,features,String,Tenant,Field-Cleanable,Field Cleanable,68
Partner sandbox,features,String,Tenant,FlashDry,FlashDry,57
Partner sandbox,features,String,Tenant,Foldable,Foldable,1
Partner sandbox,features,String,Tenant,Goose-Down,Goose Down,71
Partner sandbox,features,String,Tenant,GPS,GPS,48
Partner sandbox,features,String,Tenant,Hipbelt,Hipbelt,66
Partner sandbox,features,String,Tenant,Hood,Hood,69
Partner sandbox,features,String,Tenant,HRM-Included/Integrated,HRM Included/Integrated,21
Partner sandbox,features,String,Tenant,Inner-Liner,Inner Liner,63
Partner sandbox,features,String,Tenant,Insect-Repellent,Insect Repellent,9
Partner sandbox,features,String,Tenant,Insulated,Insulated,52
Partner sandbox,features,String,Tenant,iPad-/-Tablet-Compartment,iPad / Tablet Compartment,36
Partner sandbox,features,String,Tenant,Lap-Timer,Lap Timer,23
Partner sandbox,features,String,Tenant,Laptop-Compartment,Laptop Compartment,32
Partner sandbox,features,String,Tenant,Made-in-USA,Made in USA,45
Partner sandbox,features,String,Tenant,Moisture-Wicking,Moisture Wicking,5
Partner sandbox,features,String,Tenant,New-Arrivals,New Arrivals,26
Partner sandbox,features,String,Tenant,Omni-Shade,Omni-Shade,58
Partner sandbox,features,String,Tenant,Omni-Shield,Omni-Shield,59
Partner sandbox,features,String,Tenant,Omni-Wick,Omni-Wick,60
Partner sandbox,features,String,Tenant,Packable,Packable,7
Partner sandbox,features,String,Tenant,Pit-Zips,Pit Zips,70
Partner sandbox,features,String,Tenant,Programmable-Routes,Programmable Routes,22
Partner sandbox,features,String,Tenant,Quick-Disconnect-Tubing,Quick Disconnect Tubing,39
Partner sandbox,features,String,Tenant,Quick-Drying,Quick Drying,3
Partner sandbox,features,String,Tenant,Quilted-Polyester,Quilted Polyester,72
Partner sandbox,features,String,Tenant,Raincover-Included,Raincover Included,33
Partner sandbox,features,String,Tenant,Removable-Daypack,Removable Daypack,41
Partner sandbox,features,String,Tenant,RFID-Blocking,RFID Blocking,44
Partner sandbox,features,String,Tenant,Shoulder-Straps,Shoulder Straps,65
Partner sandbox,features,String,Tenant,Side-Cargo-Pockets,Side Cargo Pockets,4
Partner sandbox,features,String,Tenant,Sleep-Tracking,Sleep Tracking,19
Partner sandbox,features,String,Tenant,Smart-Device-Notifications,Smart Device Notifications,16
Partner sandbox,features,String,Tenant,Sun-Protective-Fabric,Sun-Protective Fabric,2
Partner sandbox,features,String,Tenant,Suspended-Mesh-Back-Panel,Suspended Mesh Back Panel,38
Partner sandbox,features,String,Tenant,Swimming-Functions,Swimming Functions,20
Partner sandbox,features,String,Tenant,Teflon,Teflon,61
Partner sandbox,features,String,Tenant,Thumbholes,Thumbholes,53
Partner sandbox,features,String,Tenant,Tide-Tracking,Tide Tracking,30
Partner sandbox,features,String,Tenant,Tracks-Calories-Burned,Tracks Calories Burned,14
Partner sandbox,features,String,Tenant,Tracks-Distance,Tracks Distance,12
Partner sandbox,features,String,Tenant,Tracks-Speed,Tracks Speed,13
Partner sandbox,features,String,Tenant,Tracks-Steps,Tracks Steps,17
Partner sandbox,features,String,Tenant,User-Replaceable-Battery,User Replaceable Battery,24
Partner sandbox,features,String,Tenant,Vegan,Vegan,51
Partner sandbox,features,String,Tenant,Water-Resistant-Down,Water-Resistant Down,54
Partner sandbox,features,String,Tenant,Waterproof,Waterproof,8
Partner sandbox,features,String,Tenant,Weather-Forecast,Weather Forecast,29
Partner sandbox,features,String,Tenant,Wide-Mouth-Opening,Wide-Mouth Opening,34
Partner sandbox,features,String,Tenant,Windproof,Windproof,73
Partner sandbox,features,String,Tenant,Wireless-Sync,Wireless Sync,15
Partner sandbox,fits-up-to,String,Tenant,5-ft.-1-in-to-5-ft.-6-in.,5 ft. 1 in to 5 ft. 6 in.,2
Partner sandbox,fits-up-to,String,Tenant,5-ft.-7-in.-to-6-ft.,5 ft. 7 in. to 6 ft.,3
Partner sandbox,fits-up-to,String,Tenant,6ft.-1-in.-to-6-ft.-6-in.,6ft. 1 in. to 6 ft. 6 in.,4
Partner sandbox,fits-up-to,String,Tenant,Greater-than-6-ft.-6-in.,Greater than 6 ft. 6 in.,5
Partner sandbox,fits-up-to,String,Tenant,Up-to-5-ft.,Up to 5 ft.,1
Partner sandbox,fuel,String,Tenant,Isobutane-propane,Isobutane-propane,2
Partner sandbox,fuel,String,Tenant,Kerosene,Kerosene,5
Partner sandbox,fuel,String,Tenant,Propane,Propane,1
Partner sandbox,fuel,String,Tenant,Solar,Solar,6
Partner sandbox,fuel,String,Tenant,White-Gas,White Gas,4
Partner sandbox,fuel,String,Tenant,Wood,Wood,3
Partner sandbox,gender,String,Tenant,Men-s,Men's,1
Partner sandbox,gender,String,Tenant,Boys-,Boys',3
Partner sandbox,gender,String,Tenant,Girls-,Girls',4
Partner sandbox,gender,String,Tenant,Kids-,Kids',5
Partner sandbox,gender,String,Tenant,Unisex,Unisex,6
Partner sandbox,gender,String,Tenant,Women-s,Women's,2
Partner sandbox,insulation-type,String,Tenant,Air,Air,4
Partner sandbox,insulation-type,String,Tenant,Down,Down,1
Partner sandbox,insulation-type,String,Tenant,Down-/-Synthetic-Blend,Down / Synthetic Blend,2
Partner sandbox,insulation-type,String,Tenant,Foam,Foam,5
Partner sandbox,insulation-type,String,Tenant,Synthetic,Synthetic,3
Partner sandbox,length,String,Tenant,Long,Long,3
Partner sandbox,length,String,Tenant,Regular,Regular,2
Partner sandbox,length,String,Tenant,Short,Short,1
Partner sandbox,number-of-burners,Number,Tenant,1,,1
Partner sandbox,number-of-burners,Number,Tenant,10,,10
Partner sandbox,number-of-burners,Number,Tenant,2,,2
Partner sandbox,number-of-burners,Number,Tenant,3,,3
Partner sandbox,number-of-burners,Number,Tenant,4,,4
Partner sandbox,number-of-burners,Number,Tenant,5,,5
Partner sandbox,number-of-burners,Number,Tenant,6,,6
Partner sandbox,number-of-burners,Number,Tenant,7,,7
Partner sandbox,number-of-burners,Number,Tenant,8,,8
Partner sandbox,number-of-burners,Number,Tenant,9,,9
Partner sandbox,number-of-doors,String,Tenant,0-Doors,0 Doors,1
Partner sandbox,number-of-doors,String,Tenant,1-Door,1 Door,2
Partner sandbox,number-of-doors,String,Tenant,2-Doors,2 Doors,3
Partner sandbox,number-of-doors,String,Tenant,3-Doors,3 Doors,4
Partner sandbox,number-of-doors,String,Tenant,4-Doors,4 Doors,5
Partner sandbox,pole-material,String,Tenant,Aluminum,Aluminum,1
Partner sandbox,pole-material,String,Tenant,Aluminum-DAC,Aluminum DAC,4
Partner sandbox,pole-material,String,Tenant,Aluminum-DAC-Featherlite,Aluminum DAC Featherlite,2
Partner sandbox,pole-material,String,Tenant,DAC-Pressfit,DAC Pressfit,5
Partner sandbox,pole-material,String,Tenant,Fiberglass,Fiberglass,3
Partner sandbox,role,String,Tenant,AdvClub,AdvClub,2
Partner sandbox,role,String,Tenant,Mem,Mem,1
Partner sandbox,role,String,Tenant,Unapproved,Unapproved,3
Partner sandbox,role,String,Tenant,wholesaler,wholesaler,4
Partner sandbox,season,String,Tenant,Fall,Fall,2
Partner sandbox,season,String,Tenant,Spring,Spring,3
Partner sandbox,season,String,Tenant,Summer,Summer,4
Partner sandbox,season,String,Tenant,Winter,Winter,1
Partner sandbox,seasons,String,Tenant,2-Season,2 Season,1
Partner sandbox,seasons,String,Tenant,3---4-Season,3 - 4 Season,2
Partner sandbox,seasons,String,Tenant,3-Season,3 Season,3
Partner sandbox,seasons,String,Tenant,4-Season,4 Season,4
Partner sandbox,sleeping-bag-shape,String,Tenant,Double,Double,4
Partner sandbox,sleeping-bag-shape,String,Tenant,Mummy,Mummy,1
Partner sandbox,sleeping-bag-shape,String,Tenant,Rectangular,Rectangular,3
Partner sandbox,sleeping-bag-shape,String,Tenant,Semirectangular,Semirectangular,2
Partner sandbox,sleeping-capacity,String,Tenant,1-Person,1 Person,1
Partner sandbox,sleeping-capacity,String,Tenant,2-Person,2 Person,2
Partner sandbox,sleeping-capacity,String,Tenant,3-Person,3 Person,3
Partner sandbox,sleeping-capacity,String,Tenant,4-Person,4 Person,4
Partner sandbox,sleeping-capacity,String,Tenant,5-Person,5 Person,5
Partner sandbox,sleeping-capacity,String,Tenant,6-Person,6 Person,6
Partner sandbox,sleeping-capacity,String,Tenant,8--Person,8+ Person,7
Partner sandbox,temperature-rating,String,Tenant,Under-0,Under 0,1
Partner sandbox,temperature-rating,String,Tenant,1-to-14,1 to 14,2
Partner sandbox,temperature-rating,String,Tenant,14-to-29,14 to 29,3
Partner sandbox,temperature-rating,String,Tenant,30-to-39,30 to 39,4
Partner sandbox,temperature-rating,String,Tenant,40-and-above,40 and above,5
Partner sandbox,tent-length,String,Tenant,Large,Large,3
Partner sandbox,tent-length,String,Tenant,Medium,Medium,2
Partner sandbox,tent-length,String,Tenant,Small,Small,1
Partner sandbox,tent-type,String,Tenant,Backpacking-Tent,Backpacking Tents,1
Partner sandbox,tent-type,String,Tenant,Camping-Tent,Camping Tents,2
Partner sandbox,tent-type,String,Tenant,Roof-top-Tent,Roof-top Tents,3
Partner sandbox,weight,String,Tenant,0-to-0.49,0 to 0.49,1
Partner sandbox,weight,String,Tenant,0.5-to-0.99,0.5 to 0.99,2
Partner sandbox,weight,String,Tenant,1-to-1.49,1 to 1.49,3
Partner sandbox,weight,String,Tenant,1.50-to-2.99,1.50 to 2.99,4
Partner sandbox,weight,String,Tenant,12-to-19.99,12 to 19.99,8
Partner sandbox,weight,String,Tenant,20-to-29.99,20 to 29.99,9
Partner sandbox,weight,String,Tenant,3-to-4.99,3 to 4.99,5
Partner sandbox,weight,String,Tenant,5-to-7.99,5 to 7.99,6
Partner sandbox,weight,String,Tenant,8-to-11.99,8 to 11.99,7
Partner sandbox,zipper-location,String,Tenant,Front,Front,4
Partner sandbox,zipper-location,String,Tenant,Left,Left,1
Partner sandbox,zipper-location,String,Tenant,Left-/-Right,Left / Right,3
Partner sandbox,zipper-location,String,Tenant,None,None,5
Partner sandbox,zipper-location,String,Tenant,Right,Right,2