CatalogName,CategoryCode,CategoryId,ParentCategoryCode,CategoryName,CategoryType,Expression,IsDisplayed,IsActive,Sequence,MetaTagTitle,MetaTagDescription,PageTitle,CategoryDescription,MetaTagKeyWords,SEOUrl
Partner sandbox subcatalog,CampHike,1,,Camp & Hike,Static,,Yes,Yes,1,Mega tag title sample,,,,,
Partner sandbox subcatalog,CampKitchen,20,CampHike,Camp Kitchen,Static,,Yes,Yes,2,,,,,,
Partner sandbox subcatalog,Tents,23,CampHike,Tents,DynamicPreComputed,producttypeid eq 3,Yes,Yes,3,,,,,,
Partner sandbox subcatalog,SleepBags,26,CampHike,Sleeping Bags,DynamicPreComputed,producttypeid eq 4,Yes,Yes,4,,,,,,
Partner sandbox subcatalog,Stoves,39,CampHike,Stoves,DynamicPreComputed,producttypeid eq 5,Yes,Yes,5,,,,,,
Partner sandbox subcatalog,Fuels,302,CampHike,Fuels,DynamicRealTime,producttypeid eq 7,Yes,Yes,6,,,,,,
Partner sandbox subcatalog,CampingBundles,303,CampHike,Camping Bundles,DynamicRealTime,producttypeid eq 6,Yes,Yes,7,,,,,,