MasterCatalogName,ProductCode,ProductType,ProductUsage,ManufacturerPartNumber,UPC,DistributorPartNumber,IsTaxable,ManageStock,Ships by itself,OutOfStockBehavior,PackageWeight,PackageLength,PackageWidth,PackageHeight,FulfillmentTypes,RestrictDiscount,RestrictDiscountStartDate,RestrictDiscountEndDate,VariationPricingMethod,Price,SalePrice,Cost,MSRP,MAP,MAPEffectiveStartDate,MAPEffectiveEndDate,ProductName,ProductShortDescription,ContentFullProductDescription,SEOMetaTagTitle,SEOMetaTagDescription,SEOMetaTagKeywords,SEOFriendlyURL,availability,average-boil-time-min-,backpack-extra-test,best-use,brand,btu-total,camping-bundle-packs,faset-color,features,fits-up-to,floor-area-sq-ft-,fuel,gender,hazardous,hot-item,insulated,insulation-type,length,materials,minimum-trail-weight-lbs,mystic-tested,number-of-burners,number-of-doors,number-of-poles,pole-diameter-mm-,pole-material,popularity,product-crosssell,product-related,product-upsell,product-video-1,rating,role,season,seasons,sleeping-bag-shape,sleeping-capacity,specifications,temperature-rating,tent-extras,tent-length,tent-type,top-seller,vestibule-area-sq-ft-,weight,zipper-location
Partner sandbox,CampStove_001,Camp Stove,Standard,,,,True,False,False,DisplayMessage,1.000,1.000,1.000,1.000,DirectShip&InStorePickup,False,,,,170.0000,,0.0000,,,,,Firehole 100 2-Burner,"The Primus FireHole 100 2-burner stove makes it easy to whip up a gourmet meal in no time at all, whether you're car camping, tailgating or having a backyard picnic.","<ul><li>Two 12,000 BTU stove burners allow you to quickly boil water, warm soup or scramble some eggs; stove boils 1 liter of water in about 3 min.&nbsp;</li><li>Separate controls for each burner give you complete control; precise simmer control helps you prepare all kinds of dishes
Quality steel grate supports large pots&nbsp;</li><li>wist-click piezo ignition lights the burners easily without the hassle of matches&nbsp;</li><li>Lid and side panels work as a windscreen while cooking&nbsp;</li><li>Flexible fuel line connects to standard 16.4 oz. propane canisters, not included; fuel line and regulator are integrated so they'll never get left at home&nbsp;</li><li>Control knobs are recessed so they won't snag on things when you're packing the stove in the back of your car&nbsp;</li><li>Built-in carry handle makes it easy to transport<br></li></ul>",Firehole 100 2-Burner,"Two 12,000 BTU stove burners allow you to quickly boil water, warm soup or scramble some eggs; stove boils 1 liter of water in about 3 min. Separate controls for each burner give you complete control; precise simmer control helps you prepare all kinds of dishes
Quality steel grate supports large pots wist-click piezo ignition lights the burners easily without the hassle of matches Lid and side panels work as a windscreen while cooking Flexible fuel line connects to standard 16.4 oz. propane canisters, not included; fuel line and regulator are integrated so they'll never get left at home Control knobs are recessed so they won't snag on things when you're packing the stove in the back of your car Built-in carry handle makes it easy to transport",,firehole-100-2-burner,24-48hrs,3,,Camping,Primus,24000,,,Foldable,,,Propane,,,,False,,,,,,,,,,,5,,,,,5,AdvClub,,,,,,,,,,,,12-to-19.99,
Partner sandbox,CampStove_002,Camp Stove,Standard,,,,True,False,False,DisplayMessage,1.000,1.000,1.000,1.000,DirectShip&InStorePickup,False,,,,50.0000,,0.0000,,,,,Express Stove with Piezo Ignition,"Perfect for 1 or 2 light-and-fast backpackers, the ultralight Primus Express stove with piezo ignition heats up in a flash to help satisfy your backcountry cravings.","<ul><li>3 foldaway supports snap firmly in place to form a stable cooking surface&nbsp;</li><li>Automatic piezo ignition makes easy work of firing up the stove&nbsp;</li><li>Flame control knob lets you adjust the heat
Includes a nylon storage bag&nbsp;</li><li>Requires an isobutane-propane fuel canister (not included)<br></li></ul>",Express Stove with Piezo Ignition,"3 foldaway supports snap firmly in place to form a stable cooking surface Automatic piezo ignition makes easy work of firing up the stove Flame control knob lets you adjust the heat
Includes a nylon storage bag Requires an isobutane-propane fuel canister (not included)",,express-stove-with-piezo-ignition,24-48hrs,3,,Backpacking,Primus,,,,Foldable,,,Isobutane-propane,,,,False,,,,,,,,,,,4,,,,,4,AdvClub,,,,,,,,,,,,0-to-0.49,
Partner sandbox,CampStove_003,Camp Stove,Standard,,,,True,False,False,DisplayMessage,1.000,1.000,1.000,1.000,DirectShip&InStorePickup,False,,,,100.0000,,0.0000,,,,,Eta Lite Black Stove System,Boil water and cook 1-pot meals fast and efficiently with the Eta Lite stove system from Primus. The pot attaches to the stove burner for great performance and convenience on your backpacking trips.,"<ul><li>0.5-liter anodized aluminum pot connects directly to the stove for excellent heat transfer; built-in windscreen and heat exchanger on the pot maximize efficiency&nbsp;</li><li>Boil a half liter of water in less than 3 min.; a single 100g fuel canister (not included) will provide approximately 59 min. of total burn time&nbsp;</li><li>Stove burner and cooking cup twist together to create a single convenient system for cooking</li><li>Lid features an integrated strainer for straining pasta or steaming vegetables
Insulating cozy on the cooking cup stays in place during cooking without melting, thereby increasing heat retention and efficiency&nbsp;</li><li>Webbing strap pulls double-duty as a pot handle when cooking and as a top strap to keep the whole system contained when it's in your pack
Integrated piezo igniter lights the stove system with a simple click&nbsp;</li><li>Stove burner and 110g fuel canister (not included) stow inside the cup
Included stabilizer widens the overall stove base for enhanced stability<br></li></ul>",Eta Lite Black Stove System,"0.5-liter anodized aluminum pot connects directly to the stove for excellent heat transfer; built-in windscreen and heat exchanger on the pot maximize efficiency Boil a half liter of water in less than 3 min.; a single 100g fuel canister (not included) will provide approximately 59 min. of total burn time Stove burner and cooking cup twist together to create a single convenient system for cookingLid features an integrated strainer for straining pasta or steaming vegetables
Insulating cozy on the cooking cup stays in place during cooking without melting, thereby increasing heat retention and efficiency Webbing strap pulls double-duty as a pot handle when cooking and as a top strap to keep the whole system contained when it's in your pack
Integrated piezo igniter lights the stove system with a simple click Stove burner and 110g fuel canister (not included) stow inside the cup
Included stabilizer widens the overall stove base for enhanced stability",,eta-lite-black-stove-system,24hrs,2.75,,Backpacking,Primus,,,,Auto-Ignition,,,Isobutane-propane,,,,False,,,,,,,,,,,2,,,,,2,AdvClub,,,,,,,,,,,,0.5-to-0.99,
Partner sandbox,CampStove_004,Camp Stove,Standard,,,,True,False,False,DisplayMessage,1.000,1.000,1.000,1.000,DirectShip&InStorePickup,False,,,,160.0000,,0.0000,,,,,Eta Spider Stove Set,"Thanks to a remote connection to the fuel canister, the hose-mounted Primus Eta Spider stove system has a lower center of gravity than standard stacked stoves for extra stability while cooking.","<ul><li>Eta Spider Stove includes burner, 1-liter pot, windscreen, plastic bowl for eating and serving, and a nylon carry bag for easy transport&nbsp;</li><li>Stove connects remotely to an isobutane gas canister (not included)&nbsp;</li><li>Primus Eta stoves achieve 40% greater fuel efficiency than standard stoves, letting you cook longer with less fuel&nbsp;</li><li>Piezo igniter sparks the stove to life with the push of a button, eliminating worries about wet matches or burning your hand&nbsp;</li><li>1-liter pot features heat-resistant silicone foldout handles and an integrated spout for easy pouring&nbsp;</li><li>Pot lid is made from BPA-free plastic and features an integrated colander for straining pasta&nbsp;</li><li>For the best fuel economy, turn the throttle approximately three-quarters of the way open<br></li></ul>",Eta Spider Stove Set,"Eta Spider Stove includes burner, 1-liter pot, windscreen, plastic bowl for eating and serving, and a nylon carry bag for easy transport Stove connects remotely to an isobutane gas canister (not included) Primus Eta stoves achieve 40% greater fuel efficiency than standard stoves, letting you cook longer with less fuel Piezo igniter sparks the stove to life with the push of a button, eliminating worries about wet matches or burning your hand 1-liter pot features heat-resistant silicone foldout handles and an integrated spout for easy pouring Pot lid is made from BPA-free plastic and features an integrated colander for straining pasta For the best fuel economy, turn the throttle approximately three-quarters of the way open",,eta-spider-stove-set,24-48hrs,3.5,,Backpacking,Primus,,,,Auto-Ignition,,,Isobutane-propane,,,,False,,,,,,,,,,,5,,,,,5,Unapproved,,,,,,,,,,,,0.5-to-0.99,
Partner sandbox,CampBundle0001,Camping Bundles,Bundle,,,,True,False,False,DisplayMessage,1.000,1.000,1.000,1.000,DirectShip&InStorePickup,False,,,2,499.9800,,0.0000,749.0000,,,,Osprey Solo Camping Bundle,New to back packing or is it just time for new gear? This is a bundle of all the basics for one person to get started.&nbsp;,New to back packing or is it just time for new gear? This is a bundle of all the basics for one person to get started.&nbsp;<div><br></div><div>Comes with a single person back packing tent you can choose from one of several Osprey multi-day packs for men or women.</div>,Osprey Solo Camping Bundle,"New to back packing or is it just time for new gear? This is a bundle of all the basics for one person to get started. 
Comes with a single person back packing tent you can choose from one of several Osprey multi-day packs for men or women.",,osprey-solo-camping-bundle,24hrs,,,Backpacking,Osprey,,,,,,,,,,False,,,,,,False,,,,,,2,,,,,2,Unapproved,,,,,,,,,,False,,,
Partner sandbox,CampBundle_1,Camping Bundles,Bundle,,,,True,False,False,DisplayMessage,1.000,1.000,1.000,1.000,DirectShip&InStorePickup,False,,,2,500.0000,,0.0000,,,,,Camping bundle 1,"This is our intro to camping bundle, it has all the basics you need to start camping!","This is our intro to camping bundle, it has all the basics you need to start camping!",Camping bundle 1,"​This is our intro to camping bundle, it has all the basics you need to start camping!",,camping-bundle-1,24-48hrs,,,,,,,,,,,,,,False,,,,,,False,,,,,,,,,,,,,,,,,,,,,,False,,,
Partner sandbox,BUNDLE_001,Camping Bundles,Bundle,,,,True,False,False,DisplayMessage,1.000,1.000,1.000,1.000,DirectShip&InStorePickup,False,,,2,599.0000,549.0000,0.0000,,,,,Camping Bundle 2,Great Bundle for any camping experience,,2019 Camping Bundle,,,2019-camping-bundle,24hrs,,,,,,,,,,,,,,False,,,,,,False,,,,,,,,,,,,,,,,,,,,,,False,,,
Partner sandbox,SleepBag_010,Sleeping Bag,Configurable,,,,True,False,False,DisplayMessage,2.500,7.000,7.000,14.000,DirectShip&InStorePickup,False,,,2,370.0000,,0.0000,,,,,BackCountry 2-Season,The lofty 800-fill-power Sierra Designs Backcountry Bed 800 2-Season Sleeping Bag has an integrated comforter and zero zippers for a unique outdoor sleeping experience through spring and summer.,"<ul><li>Climb into the bag via the large oval opening on top; the oversize comforter seals up the opening so you can sleep comfortably no matter your position: back, side or stomach&nbsp;</li><li>With a European Norm (EN) lower-limit rating of 29°F, the Backcountry Bed 800 2 -Season sleeping bag is suitable for spring and summer backpacking&nbsp;</li><li>On warmer nights, flip the comforter outside the sleeping bag and tuck it back for ventilation; insulated hand/arm pockets provide warmth when the comforter is outside the bag&nbsp;</li><li>Down is considered the best insulation available but when wet, it quickly loses loft and the ability to keep you warm; 800-fill-power DriDown is treated to resist moisture&nbsp;</li><li>Proprietary process treats each individual duck down plume with a molecular-level polymer so the down stays dry longer, lofts better and dries faster than untreated down&nbsp;</li><li>DriDown insulation stays dry 10 times longer, retains 170% more loft when exposed to moisture and dries 33% faster than untreated down&nbsp;</li><li>Ripstop polyester exterior endures frequent use in the outdoors; polyester taffeta lining is soft and comfortable next to skin&nbsp;</li><li>Sleeping pad sleeve on the bottom of the bag secures your pad (pad sold separately) to create the experience of a fully integrated bed&nbsp;</li><li>Sierra Designs Backcountry Bed 800 2-Season Sleeping Bag comes with a stuff sack and storage sack&nbsp;</li><li>European Norm (EN) is an independent third-party temperature rating, allowing accurate comparisons across brands with other EN-rated bags<br></li></ul>",BackCountry 2-Season,"Climb into the bag via the large oval opening on top; the oversize comforter seals up the opening so you can sleep comfortably no matter your position: back, side or stomach With a European Norm (EN) lower-limit rating of 29°F, the Backcountry Bed 800 2 -Season sleeping bag is suitable for spring and summer backpacking On warmer nights, flip the comforter outside the sleeping bag and tuck it back for ventilation; insulated hand/arm pockets provide warmth when the comforter is outside the bag Down is considered the best insulation available but when wet, it quickly loses loft and the ability to keep you warm; 800-fill-power DriDown is treated to resist moisture Proprietary process treats each individual duck down plume with a molecular-level polymer so the down stays dry longer, lofts better and dries faster than untreated down DriDown insulation stays dry 10 times longer, retains 170% more loft when exposed to moisture and dries 33% faster than untreated down Ripstop polyester exterior endures frequent use in the outdoors; polyester taffeta lining is soft and comfortable next to skin Sleeping pad sleeve on the bottom of the bag secures your pad (pad sold separately) to create the experience of a fully integrated bed Sierra Designs Backcountry Bed 800 2-Season Sleeping Bag comes with a stuff sack and storage sack European Norm (EN) is an independent third-party temperature rating, allowing accurate comparisons across brands with other EN-rated bags",,backcountry-2-season-,24hrs,,,Backpacking,,,,,,6ft.-1-in.-to-6-ft.-6-in.,,,Unisex,,,,,"Long
Regular
Short",,,,,,,,,4,,,,,4,Mem,,,Mummy,,,30-to-39,,,,,,1.50-to-2.99,None
Partner sandbox,SleepBag_011,Sleeping Bag,Configurable,,,,True,False,False,DisplayMessage,2.800,8.700,8.000,11.000,DirectShip&InStorePickup,False,,,2,270.0000,,0.0000,,,,,Dreamwalker 650,"When leaving the tent seems harder than reaching the summit, the large DreamWalker Camp 650 sleeping bag turns into a warm 700-fill-power down coat so you can stay cozy all morning long.","<ul><li>Down insulation packs small and provides 3-season warmth&nbsp;</li><li>700-fill-power down certified by Responsible Down Standard (RDS)&nbsp;</li><li>Soft fabric chin guards prevent zipper-to-skin contact
2 internal hand warmer pockets keep fingers toasty; arm exit zippers backed by draft tubes prevent heat loss when closed&nbsp;</li><li>Thick forehead baffle and offset flat drawcord prevent pressure points&nbsp;</li><li>Elastic control cord on the back of the hood ensures a snug, insulated fit, even when you're moving&nbsp;</li><li>Comes with a waterproof stuff sack and mosquito net storage bag
5-year manufacturer warranty<br></li></ul>",Dreamwalker 650,"Down insulation packs small and provides 3-season warmth 700-fill-power down certified by Responsible Down Standard (RDS) Soft fabric chin guards prevent zipper-to-skin contact
2 internal hand warmer pockets keep fingers toasty; arm exit zippers backed by draft tubes prevent heat loss when closed Thick forehead baffle and offset flat drawcord prevent pressure points Elastic control cord on the back of the hood ensures a snug, insulated fit, even when you're moving Comes with a waterproof stuff sack and mosquito net storage bag
5-year manufacturer warranty",,dreamwalker-650,24hrs,,,Backpacking,Mystic,,,,,6ft.-1-in.-to-6-ft.-6-in.,,,Unisex,,,,Down,"Long
Regular
Short",,,,,,,,,5,,,,,5,Mem,,,Semirectangular,,,14-to-29,,,,,,1.50-to-2.99,Front
Partner sandbox,SleepBag_013,Sleeping Bag,Configurable,,,,False,False,False,DisplayMessage,3.000,9.800,14.200,14.200,DirectShip&InStorePickup,False,,,2,380.0000,,0.0000,,,,,WaterBlock 800 Sleeping Bag,,,,,,,24hrs,,,Backpacking,Mystic,,,,,5-ft.-7-in.-to-6-ft.,,,Unisex,,,,Down,,,,,,,,,,2,,,,,2,Unapproved,,,Mummy,,,14-to-29,,,,,,3-to-4.99,Left
Partner sandbox,SleepBag_014,Sleeping Bag,Configurable,,,,False,False,False,DisplayMessage,2.700,8.000,8.000,17.500,DirectShip&InStorePickup,False,,,2,270.0000,,0.0000,,,,,Roxy Ann Sleeping Bag,,,,,,,24hrs,,,Backpacking,,,,,,5-ft.-1-in-to-5-ft.-6-in.,,,Women-s,,,,Down,,,,,,,,,,5,,,,,5,Unapproved,,,Semirectangular,,,14-to-29,,,,,,1.50-to-2.99,Right
Partner sandbox,SleepBag_015,Sleeping Bag,Configurable,,,,True,False,False,DisplayMessage,2.700,7.500,7.500,16.000,DirectShip&InStorePickup,False,,,2,180.0000,149.0000,0.0000,,,,,Sunset Sleeping Bag,"The women's Marmot Sunset 30 synthetic-fill sleeping bag features innovative construction to keep you warm from top to bottom, and it has nearly the same weight and packability as a down bag!","<ul><li>Designed to fit a woman's body, bag offers increased room at hips, decreased room at shoulders and extra insulation in critical heat-loss areas&nbsp;</li><li>Thermal R synthetic insulation's excellent loft keeps you warm with minimal weight; innovative wave construction, with overlapping shingles of insulation, prevents cold spots&nbsp;</li><li>Body-mapping of insulation directs warmth to key areas and maximizes thermal efficiency&nbsp;</li><li>With a European Norm (EN) comfort rating of 32°F, the Sunset 30 is a versatile bag for mild-weather 3-season adventures&nbsp;</li><li>Non-bulky Thermal R maximizes warmth while reducing the adverse effects of perspiration, condensation and humidity inside the sleeping bag&nbsp;</li><li>Anatomic 3D hood envelops your head in warmth; Face Muff allows hood to be cinched snug without digging into face&nbsp;</li><li>Trapezoidal footbox allows insulation to loft fully around your feet for optimum warmth and comfort&nbsp;</li><li>Full-length zipper with a snagless draft tube prevents fabric from snagging in the zipper coils&nbsp;</li><li>No more midnight drawcord fumbling—smooth, flat upper cord and hard, round lower cord make hood and collar adjustments easy&nbsp;</li><li>Inlcudes a lightweight stuff sack!!!<br></li></ul>",Sunset Sleeping Bag,"Designed to fit a woman's body, bag offers increased room at hips, decreased room at shoulders and extra insulation in critical heat-loss areas Thermal R synthetic insulation's excellent loft keeps you warm with minimal weight; innovative wave construction, with overlapping shingles of insulation, prevents cold spots Body-mapping of insulation directs warmth to key areas and maximizes thermal efficiency With a European Norm (EN) comfort rating of 32°F, the Sunset 30 is a versatile bag for mild-weather 3-season adventures Non-bulky Thermal R maximizes warmth while reducing the adverse effects of perspiration, condensation and humidity inside the sleeping bag Anatomic 3D hood envelops your head in warmth; Face Muff allows hood to be cinched snug without digging into face Trapezoidal footbox allows insulation to loft fully around your feet for optimum warmth and comfort Full-length zipper with a snagless draft tube prevents fabric from snagging in the zipper coils No more midnight drawcord fumbling—smooth, flat upper cord and hard, round lower cord make hood and collar adjustments easy Inlcudes a lightweight stuff sack!",,sunset-sleeping-bag,24hrs,,,Backpacking,Marmot,,,,,5-ft.-1-in-to-5-ft.-6-in.,,,Women-s,,,,Synthetic,"Long
Regular
Short",,,,,,,,,3,,,,,3,Unapproved,,,Mummy,,,30-to-39,,,,,,1.50-to-2.99,Right
Partner sandbox,SleepBag_016,Sleeping Bag,Configurable,,,,True,False,False,DisplayMessage,2.000,8.700,8.700,11.000,DirectShip&InStorePickup,False,,,2,380.0000,,0.0000,,,,,Ultralite 700 Sleeping Bag,"The small Ultralite 700 sleeping bag packs down and has a great warmth-to-weight ratio, letting you sleep in comfort when temps drop to freezing without adding weight or bulk to your pack.","<ul><li>Trim fit makes this bag ideal for use as a liner within a larger sleeping bag on subfreezing nights&nbsp;</li><li>European Norm (EN) lower-limit rating of 21°F is suitable for 3-season use&nbsp;</li><li>800-fill-power goose down is certified to the Responsible Down Standard (RDS); nylon shell and lining meet bluesign® criteria&nbsp;</li><li>Anatomic hood shapes to your head for a perfect fit when pulled tight; thick padded forehead baffle and flat drawcord help prevent pressure points&nbsp;</li><li>Trim mummy shape accommodates users who turn with the bag while sleeping&nbsp;</li><li>Angled, trapezoidal footbox is shaped to the natural position of your feet&nbsp;</li><li>Oversized 3D draft tube is divided into multiple chambers to prevent down shift and unwanted cold spots; hidden stiffener helps prevent the zipper from snagging&nbsp;</li><li>55 in. zipper cuts weight, but is long enough to allow venting; it can also be zipped to another Exped Ultralite bag to couple 2 sleeping bags together&nbsp;</li><li>Open side baffle between the top and bottom of the bag lets you shift down within the baffle to regulate insulation&nbsp;</li><li>Soft fabric chin guards help keep your skin from coming in contact with the zipper&nbsp;</li><li>Tactile drawcords are easy to operate in the dark with round lower and flat upper drawcords in the hood for simple cinching and adjustment&nbsp;</li><li>Interior pocket makes it easy to access small items
Includes an ultralight stuff sack<br></li></ul>",Ultralite 700 Sleeping Bag,"Trim fit makes this bag ideal for use as a liner within a larger sleeping bag on subfreezing nights European Norm (EN) lower-limit rating of 21°F is suitable for 3-season use 800-fill-power goose down is certified to the Responsible Down Standard (RDS); nylon shell and lining meet bluesign® criteria Anatomic hood shapes to your head for a perfect fit when pulled tight; thick padded forehead baffle and flat drawcord help prevent pressure points Trim mummy shape accommodates users who turn with the bag while sleeping Angled, trapezoidal footbox is shaped to the natural position of your feet Oversized 3D draft tube is divided into multiple chambers to prevent down shift and unwanted cold spots; hidden stiffener helps prevent the zipper from snagging 55 in. zipper cuts weight, but is long enough to allow venting; it can also be zipped to another Exped Ultralite bag to couple 2 sleeping bags together Open side baffle between the top and bottom of the bag lets you shift down within the baffle to regulate insulation Soft fabric chin guards help keep your skin from coming in contact with the zipper Tactile drawcords are easy to operate in the dark with round lower and flat upper drawcords in the hood for simple cinching and adjustment Interior pocket makes it easy to access small items
Includes an ultralight stuff sack",,ultralite-700-sleeping-bag,24hrs,,,Backpacking,Mystic,,,,,5-ft.-1-in-to-5-ft.-6-in.,,,Unisex,,,,Down,"Long
Regular
Short",,,,,,,,,4,,,,,4,Unapproved,,,Mummy,,,30-to-39,,,,,,1.50-to-2.99,Left-/-Right
Partner sandbox,SleepBag_017,Sleeping Bag,Configurable,,,,True,False,False,DisplayMessage,1.800,7.500,7.500,16.000,DirectShip&InStorePickup,False,,,2,300.0000,,0.0000,,,,,Ion Sleeping Bag,You'll be comfy and cozy all night in the Marmot Ion sleeping bag. It fuses warmth and function in a body-mapped combo of synthetic insulation and 850-fill water-resistant down rated to 20°.,"<ul><li>Body mapped 850-fill-power down with Down Defender resists moisture and wraps around body, head and feet; uses super-efficient Thermal R micro synthetic insulation on bottom&nbsp;</li><li>Fold-down second zipper offers ventilation and easy access; antisnag slider reduces snagging&nbsp;</li><li>Anatomic, wraparound footbox increases insulation and room for your feet, providing extra warmth and comfort&nbsp;</li><li>Full-length, locking YKK 2-way zipper with zip-guard slider&nbsp;</li><li>Smooth-curved baffle construction reduces down shifting&nbsp;</li><li>Multi-baffle nautilus hood&nbsp;</li><li>Stuff and storage sack included<br></li></ul>",Ion Sleeping Bag,"Body mapped 850-fill-power down with Down Defender resists moisture and wraps around body, head and feet; uses super-efficient Thermal R micro synthetic insulation on bottom Fold-down second zipper offers ventilation and easy access; antisnag slider reduces snagging Anatomic, wraparound footbox increases insulation and room for your feet, providing extra warmth and comfort Full-length, locking YKK 2-way zipper with zip-guard slider Smooth-curved baffle construction reduces down shifting Multi-baffle nautilus hood Stuff and storage sack included",,ion-sleeping-bag,24hrs,,,,Marmot,,,,,5-ft.-7-in.-to-6-ft.,,,Unisex,,,,Down,"Long
Regular
Short",,,,,,,,,5,,,,,5,Unapproved,,,Mummy,,,14-to-29,,,,,,1.50-to-2.99,Left
Partner sandbox,SleepBag_003,Sleeping Bag,Configurable,,,,False,False,False,DisplayMessage,3.000,9.000,9.000,15.000,DirectShip&InStorePickup,False,,,2,90.0000,79.0000,0.0000,,,,,Tuck 20,,,,,,,24hrs,,,Camping,Kelty,,,,,6ft.-1-in.-to-6-ft.-6-in.,,,Unisex,,,,Synthetic,,,,,,,,,,3,,,,,3,Mem,,,Mummy,,,14-to-29,,,,,,3-to-4.99,Right
Partner sandbox,SleepBag_004,Sleeping Bag,Configurable,,,,True,False,False,DisplayMessage,2.500,13.000,8.000,8.000,DirectShip&InStorePickup,False,,,2,80.0000,,0.0000,,,,,Tuck 35,Slip into a sweet dimension of nighttime comfort in camp. The Kelty Tuck 35 sleeping bag is filled with synthetic fiber insulation that retains warmth and compresses more easily than traditional bags.,"<ul><li>Unique zipper design lets you put your feet outside the bag on warm nights; zipper draft tube has a smooth, antisnag design&nbsp;</li><li>Offset quilt construction with ThermaPro™ synthetic insulation retains heat&nbsp;</li><li>Insulated hood and natural-fit footbox promote a warm and comfortable night's sleep&nbsp;</li><li>Integrated storage pocket with media port&nbsp;</li><li>FatMan and Ribbon™ drawcords are easy to differentiate in the dark&nbsp;</li><li>Stuff sack included<br></li></ul>",Tuck 35,"Unique zipper design lets you put your feet outside the bag on warm nights; zipper draft tube has a smooth, antisnag design Offset quilt construction with ThermaPro™ synthetic insulation retains heat Insulated hood and natural-fit footbox promote a warm and comfortable night's sleep Integrated storage pocket with media port FatMan and Ribbon™ drawcords are easy to differentiate in the dark Stuff sack included",,tuck-35,24hrs,,,,Kelty,,,,,5-ft.-7-in.-to-6-ft.,,,,,,,Synthetic,"Long
Regular
Short",,,,,,,,,4,,,,,4,Mem,,,Mummy,,,30-to-39,,,,,,1.50-to-2.99,Right
Partner sandbox,SleepBag_005,Sleeping Bag,Configurable,,,,True,False,False,AllowBackOrder,3.900,9.500,19.000,9.500,DirectShip&InStorePickup,False,,,2,110.0000,,0.0000,,85.0000,,,Mavericks 30,"Designed to keep you warm down to 30°F on spring and summer outings, the Marmot Mavericks 30 Sleeping Bag has synthetic insulation, a smooth taffeta lining and a stowaway soft pillow pocket.","<ul><li>SpiraFil high-loft synthetic insulation provides comforting warmth, even when damp&nbsp;</li><li>Main zipper wraps around footbox allowing bag to be opened flat&nbsp;</li><li>Second, fold-down zipper provides easy access&nbsp;</li><li>Anatomical footbox allows feet to rest in a natural position&nbsp;</li><li>Hideaway tricot-covered pillow pocket; soft brushed lining in chest and footbox&nbsp;</li><li>""Feely"" draw cords let you make hood adjustments in the dark&nbsp;</li><li>Compression stuff sack included<br></li></ul>",Mavericks 30,"SpiraFil high-loft synthetic insulation provides comforting warmth, even when damp Main zipper wraps around footbox allowing bag to be opened flat Second, fold-down zipper provides easy access Anatomical footbox allows feet to rest in a natural position Hideaway tricot-covered pillow pocket; soft brushed lining in chest and footbox ""Feely"" draw cords let you make hood adjustments in the dark Compression stuff sack included",,mavericks-30-,24hrs,,,,Marmot,,,,,6ft.-1-in.-to-6-ft.-6-in.,,,Unisex,,,,Synthetic,"Long
Regular
Short",,,,,,,,,5,,,,,5,Mem,Winter,,Semirectangular,,,30-to-39,,,,,,3-to-4.99,Left
Partner sandbox,SleepBag_080,Sleeping Bag,Standard,,,,True,False,False,AllowBackOrder,3.900,9.500,19.000,9.500,DirectShip&InStorePickup,False,,,,119.9500,,0.0000,,,,,Kelty Cosmic 40 Down Sleeping Bag,"An outdoor superstar, the Kelty Cosmo 40 down sleeping bag features cozy 550-fill-power duck down and a buttery-soft nylon shell that'll have you daydreaming about more quality time under the stars.","<div style=""""><font face=""roboto, sans-serif""><span style=""font-size: 13px;"">Features</span></font></div><div style=""""><ul><li><font face=""roboto, sans-serif""><span style=""font-size: 13px;"">20-denier nylon shell fabric is durable and soft; C0- and PFC-free durable water repellent (DWR) finish sheds moisture and stains</span></font></li><li><font face=""roboto, sans-serif""><span style=""font-size: 13px;"">550-fill-power duck down is lightweight and warm; quilt-through construction keeps insulation in place</span></font></li><li><font face=""roboto, sans-serif""><span style=""font-size: 13px;"">Handy stash pocket gives you a spot to keep your headlamp, cellphone or other small essentials close by</span></font></li><li><font face=""roboto, sans-serif""><span style=""font-size: 13px;"">Dual-slider locking zippers allow for easy ventilation</span></font></li><li><font face=""roboto, sans-serif""><span style=""font-size: 13px;"">Zipper draft tube with antisnag design makes it easy to get in and out of the bag</span></font></li><li><font face=""roboto, sans-serif""><span style=""font-size: 13px;"">Natural-fit spacious footbox gives you more room to wiggle your toes</span></font></li><li><font face=""roboto, sans-serif""><span style=""font-size: 13px;"">Stuff sack included</span></font></li><li><font face=""roboto, sans-serif""><span style=""font-size: 13px;"">Imported.</span></font></li></ul></div><div style=""""><font face=""roboto, sans-serif""><span style=""font-size: 13px;""><br></span></font></div><div style=""""><font face=""roboto, sans-serif""><span style=""font-size: 13px;"">Many sleeping bags are rated for temperature by an independent testing protocol. REI and the broader industry now use the International Organization for Standardization (ISO) 23537 protocol, which improves on the older European Norm (EN) 13537 standard; you may still see older items in our assortment that were only EN tested. With either protocol, each bag gets a Comfort (or T-Comfort) rating and Lower Limit (or T-Limit) rating. The Comfort rating is the lowest temperature at which the bag will keep the average ""cold sleeper"" comfortable, and the Lower Limit rating is the lowest temperature at which the bag will keep the average ""warm sleeper"" comfortable. Ratings are based on a person wearing one long underwear layer and a pair of socks, sleeping on an insulated surface with a minimum R-value of 5.38. Many brands use the Comfort rating for women's bags and the Lower Limit rating for men's and unisex bags. Everyone's body and sleep comfort differ, and conditions of use (posture, clothing, sleeping pad R-value, wind, humidity, etc.) affect total insulation, so EN and ISO ratings are intended as a guideline to help you compare products, rather than a guarantee of warmth.</span></font></div>",Kelty Cosmic 40 Down Sleeping Bag,"Features20-denier nylon shell fabric is durable and soft; C0- and PFC-free durable water repellent (DWR) finish sheds moisture and stains550-fill-power duck down is lightweight and warm; quilt-through construction keeps insulation in placeHandy stash pocket gives you a spot to keep your headlamp, cellphone or other small essentials close byDual-slider locking zippers allow for easy ventilationZipper draft tube with antisnag design makes it easy to get in and out of the bagNatural-fit spacious footbox gives you more room to wiggle your toesStuff sack includedImported.Many sleeping bags are rated for temperature by an independent testing protocol. REI and the broader industry now use the International Organization for Standardization (ISO) 23537 protocol, which improves on the older European Norm (EN) 13537 standard; you may still see older items in our assortment that were only EN tested. With either protocol, each bag gets a Comfort (or T-Comfort) rating and Lower Limit (or T-Limit) rating. The Comfort rating is the lowest temperature at which the bag will keep the average ""cold sleeper"" comfortable, and the Lower Limit rating is the lowest temperature at which the bag will keep the average ""warm sleeper"" comfortable. Ratings are based on a person wearing one long underwear layer and a pair of socks, sleeping on an insulated surface with a minimum R-value of 5.38. Many brands use the Comfort rating for women's bags and the Lower Limit rating for men's and unisex bags. Everyone's body and sleep comfort differ, and conditions of use (posture, clothing, sleeping pad R-value, wind, humidity, etc.) affect total insulation, so EN and ISO ratings are intended as a guideline to help you compare products, rather than a guarantee of warmth.",,kelty-cosmic-40-down-sleeping-bag,24hrs,,,,Marmot,,,,,6ft.-1-in.-to-6-ft.-6-in.,,,Unisex,,False,,Synthetic,,,,False,,,,,,5,,,,,5,Mem,Winter,,Semirectangular,,,30-to-39,,,,False,,3-to-4.99,Left
Partner sandbox,SleepBag_001,Sleeping Bag,Configurable,,,,False,True,False,DisplayMessage,1.000,1.000,1.000,1.000,DirectShip&InStorePickup&Delivery,False,,,2,190.0000,,0.0000,,,,,Scandium Sleeping Bag,,,,,,,24hrs,,,,Marmot,,,,,5-ft.-1-in-to-5-ft.-6-in.,,,Unisex,,False,,Down-/-Synthetic-Blend,"Long
Regular
Short",,,False,,,,,,5,,,,,5,Unapproved,,,Mummy,,,14-to-29,,,,False,,1.50-to-2.99,Left
Partner sandbox,SleepBag_002,Sleeping Bag,Configurable,,,,False,False,False,DisplayMessage,1.000,1.000,1.000,1.000,DirectShip&InStorePickup,False,,,2,370.0000,,0.0000,,,,,Quark Sleeping Bag,"<font face=""roboto, sans-serif""><span style=""font-size: 13px;"">​</span></font><span style=""font-size: 13px; font-family: roboto, sans-serif;"">You didn't see this coming: our new ultralight composite Quark 30-degree bag, boasting a body-mapped combo of efficient synthetic insulation and 850-fill-power water-resistant down around the body, head and foot, will make even the burliest of campers swoon. Some of our favorite features include a fold-down second zipper for ventilation and a curved baffle construction to reduce shifting down.</span>",,,,,,24hrs,,,Backpacking,Marmot,,,,,5-ft.-7-in.-to-6-ft.,,,Unisex,,False,,Down,"Long
Regular
Short",,,False,,,,,,4,,,,,4,Unapproved,,,Mummy,,,30-to-39,,,,False,,1.50-to-2.99,Left
Partner sandbox,SleepBag_006,Sleeping Bag,Configurable,,,,True,False,False,DisplayMessage,3.200,8.500,8.500,18.000,DirectShip&InStorePickup,False,,,2,340.0000,,0.0000,,,,,Rampart Down Sleeping Bag,"Stay fortified against the night's chill when you tuck into the Marmot Rampart down sleeping bag. Stargazing, late-night reading and blissful, post-hike slumber are all made better when you're cozy.",<ul><li>650-fill-power down within stretch tricot baffles envelops you in warmth for temperatures down to 5°F&nbsp;</li><li>Anatomic hood with gasket keeps your head toasty&nbsp;</li><li>Ground-level side seams help prevent warm air from escaping&nbsp;</li><li>Durable outer fabric has a durable water repellent (DWR) coating&nbsp;</li><li>Classic trapezoidal foot box&nbsp;</li><li>Insulated draft tube&nbsp;</li><li>Zipper guards prevent abrasion<br></li></ul>,Rampart Down Sleeping Bag,650-fill-power down within stretch tricot baffles envelops you in warmth for temperatures down to 5°F Anatomic hood with gasket keeps your head toasty Ground-level side seams help prevent warm air from escaping Durable outer fabric has a durable water repellent (DWR) coating Classic trapezoidal foot box Insulated draft tube Zipper guards prevent abrasion,,rampart-down-sleeping-bag,24hrs,,,Backpacking,Marmot,,,,,5-ft.-7-in.-to-6-ft.,,,,,False,,Down,"Long
Regular
Short",,,False,,,,,,4,,,,,4,Mem,Winter,,Mummy,,,1-to-14,,,,False,,3-to-4.99,Left
Partner sandbox,SleepBag_007,Sleeping Bag,Configurable,,,,True,False,False,DisplayMessage,1.000,1.000,1.000,1.000,DirectShip&InStorePickup,False,,,2,150.0000,,0.0000,,,,,Wizard Sleeping Bag,Master the art of deep sleep amidst blowing winds and soggy conditions in the Marmot Wizard sleeping bag. The wave construction of its synthetic insulation minimizes cold spots in the bag.,<ul><li>Climashield® HL synthetic fibers provide insulation that doesn't wear out&nbsp;</li><li>Trapezoidal foot box keeps warmth where you want it&nbsp;</li><li>2-way zipper sliders and a hood drawcord help seal out cold air&nbsp;</li><li>Snagless draft tube&nbsp;</li><li>2 hang loops help you air it out between camping trips<br></li></ul>,Wizard Sleeping Bag,Climashield® HL synthetic fibers provide insulation that doesn't wear out Trapezoidal foot box keeps warmth where you want it 2-way zipper sliders and a hood drawcord help seal out cold air Snagless draft tube 2 hang loops help you air it out between camping trips,,wizard-sleeping-bag,24hrs,,,Backpacking,Marmot,,,,,5-ft.-7-in.-to-6-ft.,,,Unisex,,False,,Synthetic,"Long
Regular
Short",,,False,,,,,,2,,,,,2,Mem,,,Mummy,,,14-to-29,,,,False,,3-to-4.99,Left
Partner sandbox,SleepBag_009,Sleeping Bag,Configurable,,,,True,False,False,DisplayMessage,2.200,7.500,7.500,15.000,DirectShip&InStorePickup,False,,,2,390.0000,,0.0000,,,,,BackCountry Bed 800 2-Season Sleeping Bag,The lofty 800-fill-power Sierra Designs Backcountry Bed 800 2-Season Sleeping Bag has an integrated comforter and zero zippers for a unique outdoor sleeping experience through spring and summer.,"<ul><li>Climb into the bag via the large oval opening on top; the oversize comforter seals up the opening so you can sleep comfortably no matter your position: back, side or stomach&nbsp;</li><li>With a European Norm (EN) lower-limit rating of 29°F, the Backcountry Bed 800 2 -Season sleeping bag is suitable for spring and summer backpacking&nbsp;</li><li>On warmer nights, flip the comforter outside the sleeping bag and tuck it back for ventilation; insulated hand/arm pockets provide warmth when the comforter is outside the bag&nbsp;</li><li>Down is considered the best insulation available but when wet, it quickly loses loft and the ability to keep you warm; 800-fill-power DriDown is treated to resist moisture&nbsp;</li><li>Proprietary process treats each individual duck down plume with a molecular-level polymer so the down stays dry longer, lofts better and dries faster than untreated down&nbsp;</li><li>DriDown insulation stays dry 10 times longer, retains 170% more loft when exposed to moisture and dries 33% faster than untreated down&nbsp;</li><li>Ripstop polyester exterior endures frequent use in the outdoors; polyester taffeta lining is soft and comfortable next to skin&nbsp;</li><li>Sleeping pad sleeve on the bottom of the bag secures your pad (pad sold separately) to create the experience of a fully integrated bed&nbsp;</li><li>Innovative zipperless foot vent self seals closed and can be operated from the inside using only your feet&nbsp;</li><li>Comes with a stuff sack and storage sack&nbsp;</li><li>European Norm (EN) is an independent third-party temperature rating, allowing accurate comparisons across brands with other EN-rated bag<br></li></ul>",BackCountry Bed 800 2-Season Sleeping Bag,"Climb into the bag via the large oval opening on top; the oversize comforter seals up the opening so you can sleep comfortably no matter your position: back, side or stomach With a European Norm (EN) lower-limit rating of 29°F, the Backcountry Bed 800 2 -Season sleeping bag is suitable for spring and summer backpacking On warmer nights, flip the comforter outside the sleeping bag and tuck it back for ventilation; insulated hand/arm pockets provide warmth when the comforter is outside the bag Down is considered the best insulation available but when wet, it quickly loses loft and the ability to keep you warm; 800-fill-power DriDown is treated to resist moisture Proprietary process treats each individual duck down plume with a molecular-level polymer so the down stays dry longer, lofts better and dries faster than untreated down DriDown insulation stays dry 10 times longer, retains 170% more loft when exposed to moisture and dries 33% faster than untreated down Ripstop polyester exterior endures frequent use in the outdoors; polyester taffeta lining is soft and comfortable next to skin Sleeping pad sleeve on the bottom of the bag secures your pad (pad sold separately) to create the experience of a fully integrated bed Innovative zipperless foot vent self seals closed and can be operated from the inside using only your feet Comes with a stuff sack and storage sack European Norm (EN) is an independent third-party temperature rating, allowing accurate comparisons across brands with other EN-rated bag",,backcountry-bed-800-2-season-sleeping-bag,24hrs,,,Backpacking,,,,,,5-ft.-1-in-to-5-ft.-6-in.,,,Women-s,,False,,Down-/-Synthetic-Blend,"Regular
Short",,,False,,,,,,3,,,,,3,Mem,,,Mummy,,,30-to-39,,,,False,,1.50-to-2.99,None
Partner sandbox,SleepBag_012,Sleeping Bag,Configurable,,,,True,False,False,DisplayMessage,2.400,8.700,8.700,11.000,DirectShip&InStorePickup,False,,,2,350.0000,,0.0000,,,,,Lite 500 Sleeping Bag,"Lightweight, compact and filled with down, the large-size Exped Lite 500 mummy bag can be used for 3-season camping—or, if you add a layer of clothing, for frosty nights in the wild","<ul><li>With a European Norm (EN) lower-limit rating of 28°F, this bag is suitable for 3-season use
800-fill-power goose down is certified to the&nbsp;</li><li>Responsible Down Standard (RDS); horizontal and vertical baffles help prevent cold spots and down shift&nbsp;</li><li>Three-dimensional draft collar keeps the heat where it belongs and drapes around your neck for cozy warmth&nbsp;</li><li>Hood is anatomically shaped for a perfect fit when pulled tight; thick padded forehead baffle prevents pressure points&nbsp;</li><li>Angled trapezoidal footbox is shaped to the position of your feet&nbsp;</li><li>Oversize draft tube is divided into multiple chambers to prevent unwanted cold spots&nbsp;</li><li>Hidden stiffener prevents the zipper from snagging&nbsp;</li><li>Double tuck-stitch baffle seams improve abrasion resistance
Round and flat upper hood drawcords are easy to adjust in the dark
Interior pocket keeps small personal items within easy access&nbsp;</li><li>Soft fabric chin guards prevent contact of the zipper to skin&nbsp;</li><li>Waterproof stuff sack with rolltop closure and mosquito net storage sack included
2 loops on the footbox can be used to secure the sleeping bag when being aired&nbsp;</li><li>Both the shell and liner fabrics are bluesign® certified<br></li></ul>",Lite 500 Sleeping Bag,"With a European Norm (EN) lower-limit rating of 28°F, this bag is suitable for 3-season use
800-fill-power goose down is certified to the Responsible Down Standard (RDS); horizontal and vertical baffles help prevent cold spots and down shift Three-dimensional draft collar keeps the heat where it belongs and drapes around your neck for cozy warmth Hood is anatomically shaped for a perfect fit when pulled tight; thick padded forehead baffle prevents pressure points Angled trapezoidal footbox is shaped to the position of your feet Oversize draft tube is divided into multiple chambers to prevent unwanted cold spots Hidden stiffener prevents the zipper from snagging Double tuck-stitch baffle seams improve abrasion resistance
Round and flat upper hood drawcords are easy to adjust in the dark
Interior pocket keeps small personal items within easy access Soft fabric chin guards prevent contact of the zipper to skin Waterproof stuff sack with rolltop closure and mosquito net storage sack included
2 loops on the footbox can be used to secure the sleeping bag when being aired Both the shell and liner fabrics are bluesign® certified",,lite-500-sleeping-bag,24hrs,,,Backpacking,Mystic,,,,,6ft.-1-in.-to-6-ft.-6-in.,,,Unisex,,False,,Down,"Long
Regular
Short",,,False,,,,,,4,,,,,4,Mem,,,Mummy,,,14-to-29,,,,False,,1.50-to-2.99,Left
Partner sandbox,SleepBag_008,Sleeping Bag,Configurable,,,,True,False,False,DisplayMessage,3.400,8.000,8.000,17.500,DirectShip&InStorePickup,False,,,2,300.0000,,0.0000,,,,,Lost Ranger Sleeping Bag,"With a roomy contour fit, the 3-season Big Agnes Lost Ranger Sleeping Bag is insulated with water-resistant down that maintains loft and warmth, even if your outing turns damp","<ul><li>Contour fit allows down insulation to drape comfortably and offers more range of motion inside the bag&nbsp;</li><li>Insotect Flow construction uses internal gates to keep down from shifting&nbsp;</li><li>650-fill-power DownTek down insulation repels water and maintains loft, even when exposed to moisture&nbsp;</li><li>Ripstop nylon shell with a durable water repellent finish sheds water; soft, breathable nylon lining&nbsp;</li><li>Ergonomic hood design fits comfortably around face&nbsp;</li><li>Draft tube behind zipper and down-filled draft collar prevent warm air from escaping and cold air from entering&nbsp;</li><li>Underside insulation has been eliminated and replaced with a sleeve that fits a rectangular sleeping pad (pad not included)&nbsp;</li><li>Long and regular bags are compatible with 20 in. wide pads; long/wide bag is compatible with 25 in. wide pads&nbsp;</li><li>Continuous draft wedge insulates the connection between the bag and pad to prevent cold air from entering&nbsp;</li><li>Liner loops keep sleeping bag liner (not included) from shifting and twisting&nbsp;</li><li>Exterior loops for hang-drying or storage&nbsp;</li><li>Mesh storage sack and nylon stuff sack included<br></li></ul>",Lost Ranger Sleeping Bag,"Contour fit allows down insulation to drape comfortably and offers more range of motion inside the bag Insotect Flow construction uses internal gates to keep down from shifting 650-fill-power DownTek down insulation repels water and maintains loft, even when exposed to moisture Ripstop nylon shell with a durable water repellent finish sheds water; soft, breathable nylon lining Ergonomic hood design fits comfortably around face Draft tube behind zipper and down-filled draft collar prevent warm air from escaping and cold air from entering Underside insulation has been eliminated and replaced with a sleeve that fits a rectangular sleeping pad (pad not included) Long and regular bags are compatible with 20 in. wide pads; long/wide bag is compatible with 25 in. wide pads Continuous draft wedge insulates the connection between the bag and pad to prevent cold air from entering Liner loops keep sleeping bag liner (not included) from shifting and twisting Exterior loops for hang-drying or storage Mesh storage sack and nylon stuff sack included",,lost-ranger-sleeping-bag,24hrs,,,Backpacking,,,,,,6ft.-1-in.-to-6-ft.-6-in.,,,Unisex,,False,,Down-/-Synthetic-Blend,"Long
Regular
Short",,,False,,,,,,5,,,,,5,Mem,,,Semirectangular,,,14-to-29,,,,False,,3-to-4.99,Left
Partner sandbox,Coleman111,Stove Fuel,Standard,,,,True,False,False,DisplayMessage,1.000,1.000,1.000,1.000,DirectShip&InStorePickup,False,,,2,7.9500,,0.0000,,,,,Coleman Butane/Propane Mix Fuel 7.75oz,"<font face=""roboto, sans-serif""><span style=""font-size: 13px;"">​</span></font><span style=""font-size: 13px; font-family: roboto, sans-serif;"">Power your portable stove or lantern with the Coleman Butane/Propane Mix Fuel 7.75oz canister for your next camping adventure. Designed for backpackers or car campers, the fuel easily connects to small lanterns and stoves when you need to light your way or cook a simple meal. This Coleman butane fuel works optimally in mild to moderate temperatures but cold weather may interfere with the canister pressure. 220g butane is equipped with self-sealing safety valve.</span>",,Coleman Butane/Propane Mix Fuel 7.75oz,,,coleman-butane-propane-mix-fuel-7.75oz,,,,,Coleman,,,,,,,,,,False,,,,,,False,,,,,,,,,,,,,,,,,,,,,,False,,,
Partner sandbox,Tent_022,Tents,Standard,,,115980,True,False,False,DisplayMessage,3.250,19.000,4.000,4.000,DirectShip&InStorePickup,False,,,,380.0000,,0.0000,,,,,Lightning 2 FL,"One of the most livable and functional tents in the ultralight weight class, the Sierra Designs Lightning FL is a freestanding, full-featured shelter offering maximum comfort at a minimum of weight.","<ul><li>Large single drop door saves weight, but is extra wide and large enough for 2 people to sit side by side&nbsp;</li><li>Asymmetrical design tapers to the footbox to reduce weight; 42.5 in. peak height provides livable space and foot hoop creates a full-size footbox&nbsp;</li><li>Hybrid double / single wall canopy reduces weight&nbsp;</li><li>Integrated fly and tent body and hubbed pole pitch allow for speedy, dry setup&nbsp;</li><li>15-in. integrated awning replaces a traditional front vestibule, allowing maximum access to the full width of the door opening&nbsp;</li><li>Side gear ""closets"" can be accessed from the outside or inside&nbsp;</li><li>Covered foot vent creates an air tunnel between the foot-end and the door on the other end for ventilation and superior condensation management&nbsp;</li><li>Freestanding tent can be pitched anywhere, no matter how impenetrable the surface<br></li></ul>",Lightning 2 FL,,,lightning-2-fl,24hrs,,,Backpacking,,,,Yellow,,,30.5,,,,,,,,,2.8,,,1-Door,3,9.3,,4,,,,,4,Unapproved,,3-Season,,2-Person,,,,,Backpacking-Tent,,10.8,,
Partner sandbox,Tent_023,Tents,Standard,,,125306,True,False,False,DisplayMessage,4.900,9.000,9.000,24.000,DirectShip&InStorePickup,False,,,,350.0000,,0.0000,,,,,Hylo 3,"With a balance of weight, space and protection, the Mountain Hardwear Hylo 3 tent features generous venting that offers the benefits of a double-walled tent in a light, single-wall hybrid design.","<ul><li>High ceiling height, full-size door and large vestibule make this 3-season tent just right for 3 backpackers who want to shed grams without sacrificing comfort&nbsp;</li><li>Industry-leading, 100% aluminum DAC Featherlight NSL poles&nbsp;</li><li>Guaranteed watertight construction with fully taped fly and perimeter seam, along with welded corners and guy clip anchors&nbsp;</li><li>Dry-entry vestibule with dual-slider mesh door&nbsp;</li><li>Mesh pockets for interior storage&nbsp;</li><li>Ultralight buckles and webbing reduce tent weight<br></li></ul>",Hylo 3,,,hylo-3,24hrs,,,Backpacking,Mountain-Hardwear,,,White,,,38,,,,,,,,,4.375,,,1-Door,3,8.5,,2,,,,,2,Unapproved,,3-Season,,3-Person,,,,,Backpacking-Tent,,10,,
Partner sandbox,Tent_024,Tents,Standard,,,897927,True,False,False,DisplayMessage,1.500,1.000,1.000,1.000,DirectShip&InStorePickup,False,,,,170.0000,,0.0000,,,,,Nook Gear Shed,The Nook Shed doubles the covered storage area of your Nook tent (sold separately). It maximizes livability and comfort on extended backcountry trips.,"<ul><li>Partial floor provides a clean, dry place to organize and store gear and a convenient threshold for shedding wet clothes before you climb inside your tent&nbsp;</li><li>Doubles weatherproof storage by adding about 15 sq. ft.&nbsp;</li><li>1 large side door provides easy access into the Nook Gear Shed</li><li>Hooped design enhances roominess around shoulder area; interior peak height is 39 in.&nbsp;</li><li>High-tenacity nylon provides superior performance; MSR® DuraShield coating is specifically formulated for waterproof performance and long life&nbsp;</li><li>Taped seams prevent leakage through stitch holes in fabric<br></li></ul>",Nook Gear Shed,,,nook-gear-shed,24hrs,,,Backpacking,Mystic,,,Green,,,21,,,,,,,,,1.5625,,,0-Doors,2,8,,5,,,,,5,Unapproved,,3-Season,,1-Person,,,,,Backpacking-Tent,,0,,
Partner sandbox,Tent_025,Tents,Standard,,,108472,True,False,False,DisplayMessage,14.700,27.000,15.000,5.000,DirectShip&InStorePickup,False,,,,600.0000,,0.0000,,,,,Chimney Creek 6 mtnGLO,"Winner of Backpacker magazine's 2015 Editors' Choice Award for its built-in LED lighting, the 4-person Chimney Creek 4 mtnGLO Tent features ample living space, comfort and convenience","<ul><li>mtnGLO™ Tent Lighting Technology features LED lights integrated into the tent body, so you can experience ambient light in your shelter with the click of a button&nbsp;</li><li>LED light strands are durable and flexible enough to withstand repeated tent pitching and stuffing&nbsp;</li><li>LEDs illuminate the interior of your tent with 90+ hrs. of hands-free light; sort gear, read, eat and play cards without blinding your friends with a headlamp&nbsp;</li><li>2 simple push-button controllers have 3 settings: on, off and 50% brightness; each controller requires 3 AAA batteries (sold separately)&nbsp;</li><li>Lightweight aluminum pole system with Pressfit connectors; plastic clips and sleeves attach tent body to pole frame; color-coded webbing and buckles make setup easy&nbsp;</li><li>2 doors and 2 vestibules with stormflaps on vestibule zippers; Quick Stash on tent body doors make stowing unzipped doors easy&nbsp;</li><li>Media pockets located above the sleeping area let you route earbud cords cleanly from phones or other devices; 12 interior mesh pockets keep small items organized&nbsp;</li><li>Gear loft loops are compatible with the Big Agnes Entertainment Center and PowerCase mtnGLO gear lofts (sold separately)
All seams are taped with waterproof, solvent-free polyurethane tape (no PVC or VOCs)&nbsp;</li><li>Reflective guylines and webbing on tent corners&nbsp;</li><li>Briefcase-style carry bag with shoulder straps and organizational pockets; 18 lightweight aluminum hook stakes<br></li></ul>",Chimney Creek 6 mtnGLO,,,chimney-creek-6-mtnglo,24hrs,,,,,,,Red,,,83.3,,,,,,,,,13.4375,,,2-Doors,4,13,,3,,,,,3,Unapproved,,3-Season,,6-Person,,,,,Camping-Tent,,40,,
Partner sandbox,Tent_026,Tents,Standard,,,123184,True,False,False,DisplayMessage,10.600,10.000,10.000,26.000,DirectShip&InStorePickup,False,,,,230.0000,,0.0000,,,,,Air Screen Shelter,Defending against sun and bugs is easy with the 3-season shelter Kelty AirScreen shelter. AirPitch technology lets you set up the AirScreen in under 60 sec. and say goodbye to bugs.,"<ul><li>With inflatable AirPitch beams, you'll be up and running in no time, and it's just as easy to take it down once the bugs and heat are gone&nbsp;</li><li>Freestanding design; taped seams; noiseless zipper pulls; guyout points&nbsp;</li><li>X-Airpole technology with center valve for deflation&nbsp;</li><li>Dual-action pump included<br></li></ul>",Air Screen Shelter,,,air-screen-shelter,24hrs,,,,Kelty,,,Black,,,72,,,,,,,,,10.5625,,,1-Door,0,,,4,,,,,4,Unapproved,,3-Season,,,,,,,Camping-Tent,,,,
Partner sandbox,Tent_027,Tents,Standard,,,115998,True,False,False,DisplayMessage,5.600,20.000,7.000,7.000,DirectShip&InStorePickup,False,,,,550.0000,,0.0000,,,,,Dragontail,"Engineered with superior space and ventilation, the ultralightDragontail tent single-wall tent excels where others fail.","<ul><li>Single-wall design shaves weight from your pack and reduces setup time; large vestibule improves livability&nbsp;</li><li>Hooped pole configuration stands up under high winds and creates an impressively roomy interior&nbsp;</li><li>Overhead vent with zippered closures runs the length of the tent, providing the ventilation that's critical to single-wall performance.&nbsp;</li><li>Attention to detail shows in the taped seams, reinforced stress points, ultralight stake loops, reflective guy cords and user-friendly door toggles&nbsp;</li><li>Includes stuff sacks, stakes and guyline<br></li></ul>",Dragontail,,,dragontail,24hrs,,,Backpacking,Mystic,,,,,,29,,,,,,,,,5.5625,,,1-Door,3,9,,5,,,,,5,Unapproved,,4-Season,,3-Person,,,,,Backpacking-Tent,,10,,
Partner sandbox,Tent_028,Tents,Standard,,,115021,True,False,False,DisplayMessage,10.300,8.000,8.000,27.000,DirectShip&InStorePickup,False,,,2,450.0000,,0.0000,,,,,Wyoming Trail Camp 2 Tent,"For the camper with a lot of gear, the 3 season Wyoming Trail 2 solves the storage issue with a garage-like vestibule.","<ul><li>Two doors and two vestibules with one oversized main vestibule can store bikes, fishing rods and more; awning style vestibule may be staked out as a shade using trekking poles&nbsp;</li><li>Storm flaps on vestibule zipper&nbsp;</li><li>Reflective guylines and webbing on tent corners&nbsp;</li><li>Color coded pole ends, webbing and buckles make set up easy; plastic clips attach tent body to pole frame&nbsp;</li><li>All seams taped with waterproof, solvent-free polyurethane tape (No PVC or VOC's)&nbsp;</li><li>Four interior mesh pockets&nbsp;</li><li>Compatible with Big Agnes Entertainment Center loft and PowerCase/Loft (not included); fits Large Trapezoid gear loft (not included)&nbsp;</li><li>Footprint available (sold separately)<br></li></ul>",Wyoming Trail Camp 2,,,wyoming-trail-camp-2,24hrs,,,,,,,,,,31,,,False,False,,,,,9.4,False,,2-Doors,2,12,,4,,,,,4,Unapproved,,3-Season,,2-Person,,,,,Camping-Tent,False,9,,
Partner sandbox,Tent_029,Tents,Standard,,,115017,True,False,False,DisplayMessage,2.500,5.000,5.000,17.000,DirectShip&InStorePickup,False,,,,350.0000,,0.0000,,,,,Bitter Springs UL 1,"The 3-season Big Agnes Bitter Springs UL1 is an ultralight, trekking-pole supported backpacking shelter for one.","<ul><li>One door and one oversized and roomy vestibule with storm flaps on the zipper&nbsp;</li><li>All seams taped and waterproof, solvent-free polyurethane tape (No PVC or VOCs)&nbsp;</li><li>Trekking pole system, requires 2 trekking poles (not included)&nbsp;</li><li>Requires one 38""/97cm trekking for the vestibule pole and one pole that collapses to 26""/66cm for the rear pole&nbsp;</li><li>DAC Twist Clips and sleeves attach tent body to pole frame&nbsp;</li><li>DAC pole feature the Jake's Foot simple connection mechanism evenly tensions the tent body and fly&nbsp;</li><li>15 Superlight aluminum J stakes&nbsp;</li><li>Two interior mesh pockets<br></li></ul>",Bitter Springs UL 1,,,bitter-springs-ul-1,24hrs,,,Backpacking,,,,Orange,,,18,,,,,,,,,1.8,,,1-Door,1,8.7,,2,,,,,2,Unapproved,,3-Season,,1-Person,,,,,Backpacking-Tent,,12,,
Partner sandbox,Tent_030,Tents,Standard,,,115975,True,False,False,DisplayMessage,2.500,4.500,17.000,4.500,DirectShip&InStorePickup,False,,,,380.0000,,0.0000,,,,,Flashlight 2,"The 2-person, 3-season Sierra Designs Flashlight 2 FL tent features a featherweight design that is lighter than the previous version, yet with all the same benefits for comfort and livability.","<ul><li>Individual doors for each occupant allow easy entry and exit for maximum livability, along with cross-ventilation for superior condensation management&nbsp;</li><li>Large drop doors offer an open and airy feel&nbsp;</li><li>Defined floor with only 6 stakeout points is easy to set up; eliminates the re-staking associated with other tarp tents and trekking-pole shelters</li><li>8-in. awning provides dry entry and exit, delivers sun protection and allows for doors to remain open during a storm&nbsp;</li><li>Hybrid double/single wall reduces weight and provides quick and dry setup, even in the rain&nbsp;</li><li>Trekking-pole compatibility saves a valuable 6 oz. when you leave the 46-in. vertical poles behind, and makes this one of the largest, most livable tents in its weight class&nbsp;</li><li>Gear closet creates storage where it should be—away from the door; it can be toggled closed or left open for additional venting, while staying dry in a rainstorm<br></li></ul>",Flashlight 2,,,flashlight-2,24hrs,,,Backpacking,,,,,,,30,,,,,,,,,2.5,,,2-Doors,3,8.5,,5,,,,,5,Unapproved,,3-Season,,2-Person,,,,,Backpacking-Tent,,9.8,,
Partner sandbox,Tent_001,Tents,Standard,117892,,,True,False,False,DisplayMessage,2.500,4.500,16.500,4.500,DirectShip&InStorePickup,False,,,,380.0000,300.0000,0.0000,,,,,Copper Spur UL 1,"With a trail weight of 2 lbs. 3 oz., the updated Big Agnes Copper Spur UL1 tent lets you enjoy a gossamer-light load and livable shelter space on your solo 3-season adventures.","<ul><li>Single vestibule and D-shaped door provide easy access and gear storage; vestibule door has a single stakeout and stormflaps over the zipper&nbsp;</li><li>Crossover pole provides roominess up high&nbsp;</li><li>Single hub/pole design with H-Clip connector and DAC Twist Clips makes setup quick and easy&nbsp;</li><li>Light yet strong, DAC Featherlite® NSL poles are anodized without the use of harmful acids&nbsp;</li><li>Mesh body and roof vent offers excellent ventilation to keep condensation from building up&nbsp;</li><li>Rainfly and floor are made from ultralight silicone-treated, ripstop nylon with a waterproof polyurethane coating</li><li>Lightweight fabric has a high thread count and double twisted thread for strength and durability&nbsp;</li><li>All seams taped with waterproof, solvent-free polyurethane tape
Interior mesh pocket keeps your gear organized and up off the tent floor; gear loft loops allow you to add your own gear loft (not included)&nbsp;</li><li>Reflective guyline and reflective webbing on tent corners enhance nighttime visibility
Includes stuff sacks and eight superlight aluminum J-stakes&nbsp;</li><li>For a lightweight set up during nice weather, leave tent body behind; use footprint (sold separately) with poles, fly and stakes<br></li></ul>",Copper Spur UL 1,,,copper-spur-ul-1,24hrs,,,Backpacking,,,,,,,22,,,,,,,,,2.1,,,1-Door,2,9.6,,5,,,,,5,Unapproved,,3-Season,,1-Person,,,,,Backpacking-Tent,,10,,
Partner sandbox,Tent_002,Tents,Standard,113661,,,True,False,False,AllowBackOrder,15.000,24.000,7.000,7.000,DirectShip&InStorePickup,False,,,,200.0000,,0.0000,,,,,Yellowstone 6,"The second largest product in the Yellowstone series, the Kelty Yellowstone 6-person tent is built to fit six comfortably and spaciously. It's easy to fit a camping crowd without feeling crowded.","<ul><li>Large D-shaped door provides easy entry and exit; noiseless zipper pulls&nbsp;</li><li>Awning fly with brow pole to help keep out rain&nbsp;</li><li>Continuous pole-sleeve construction makes set up a breeze&nbsp;</li><li>Fully seam taped construction, including the rainfly&nbsp;</li><li>Color coded clip and fly attachment
Internal storage pockets help keep inside of tent organized; ceiling loops allow attachment of gear loft (not included)<br></li></ul>",Yellowstone 6,,,yellowstone-6,24hrs,,,,Kelty,,,Green,,,90,,,False,,,,,,14.3,,,1-Door,3,12.5,,4,,,,,4,Unapproved,,3-Season,,6-Person,,,,,Roof-top-Tent,,,,
Partner sandbox,Tent_003,Tents,Standard,,,115978,True,False,False,DisplayMessage,3.000,5.500,5.500,17.500,DirectShip&InStorePickup,False,,,,390.0000,,0.0000,,,,,Tensegrity 2 FL,"The 2-person, 3-season Sierra Designs Tensegrity 2 FL tent offers a featherweight build that gives solo backpackers more living space than comparable tents.","<ul><li>Tensegrity gets wider toward its peak, offering plenty of room at the shoulders&nbsp;</li><li>Innovative geometry removes the need for guylines over the doorways&nbsp;</li><li>Waterproof sidewalls zip open to provide maximum ventilation and visibility; head and foot walls are mesh
Large drop doors offer easy entry and exit, and create an open and airy feel
12-in. awnings provide dry entry and exit, deliver sun protection and allow for doors / windows to remain open during a storm&nbsp;</li><li>Pitches with trekking poles (sold separately); slotted webbing along the front of the tent lets you move the grommet pole-tip connector as needed to make pitching easier&nbsp;</li><li>Trekking poles with a minimum length of 120cm are recommended for pitching the tent&nbsp;</li><li>Gear closet creates storage space where it should be—away from the door; it can be toggled closed or left open for additional venting, while staying dry in a rainstorm
Gear closet panel can be rolled up and stowed for stargazing<br></li></ul>",Tensegrity 2 FL,,,tensegrity-2-fl,24hrs,,,Backpacking,,,,Yellow,,,29.3,,,,,,,,,2.625,,,3-Doors,1,8.7,,2,,,,,2,Unapproved,,3-Season,,2-Person,,,,,Backpacking-Tent,,10.8,,
Partner sandbox,Tent_004,Tents,Standard,,,113519,True,False,False,AllowBackOrder,8.600,27.000,7.000,7.000,DirectShip&InStorePickup,False,,,,150.0000,,0.0000,,99.9900,,,Yellowstone 4,"Have four times the fun with friends at camp! Pack into the Kelty Yellowstone 4-person tent and enjoy a spacious, comfortable home away from home where there's lots of room to move.","<ul><li>Large D-shaped door provides easy entry and exit; noiseless zipper pulls&nbsp;</li><li>Awning fly with brow pole to help keep out rain&nbsp;</li><li>Continuous pole-sleeve construction makes set up a breeze&nbsp;</li><li>Fully seam taped construction, including the rainfly&nbsp;</li><li>Color coded clip and fly attachment
Internal storage pockets help keep inside of tent organized; ceiling loops allow attachment of gear loft (not included)<br></li></ul>",Yellowstone 4,,,yellowstone-4,24hrs,,,,Kelty,,,Green,,,55,,,,,,,,,8.625,,,1-Door,3,,,5,,,,,5,Unapproved,,3-Season,,4-Person,,,,,Roof-top-Tent,,,,
Partner sandbox,Tent_005,Tents,Standard,,,117910,True,False,False,DisplayMessage,2.400,5.000,5.000,18.000,DirectShip&InStorePickup,False,,,2,400.0000,,0.0000,,,,,Fly Creek UL2 GLO,"The Big Agnes Fly Creek UL2 is an ultralight, 3-season tent for 2 that weighs in at a scant 2 lbs. 6 oz. and features integrated mtnGLO Tent Light Technology to light up the interior.","<ul><li>Patent-pending mtnGLO Tent Light Technology features durable LED lights that bathe the tent interior with ambient light for sorting gear, eating, reading and studying your map&nbsp;</li><li>All the weatherproof and technical features of a semi-freestanding, 3-season tent with light materials make the Fly Creek an ideal shelter when you need to pack light&nbsp;</li><li>A simple push button controller with three settings—on, off and 50% brightness—controls the mtnGLO lights; controller requires 3 AAA batteries (sold separately)&nbsp;</li><li>CE certified LED light strand is integrated into tent seams; it's durable and flexible to withstand repeated tent pitching and stuffing&nbsp;</li><li>DAC Featherlite NFL pole system features an angled SF hub for high-volume pole architecture and steeper walls, increasing usable interior space without increasing weight&nbsp;</li><li>Ultralight plastic clips attach tent body to pole frame&nbsp;</li><li>Dry-entry vestibule keeps the interior of your tent dry as you enter and exit; vertical door adds usable volume to the vestibule&nbsp;</li><li>Single door and vestibule with storm flaps on the vestibule zipper&nbsp;</li><li>Fly and floor have 1,200mm waterproof polyurethane coating; all seams are taped with waterproof, solvent-free polyurethane tape (No PVC or VOCs)&nbsp;</li><li>3 interior mesh pockets; gear loops are compatible with the Big Agnes Entertainment Center and PowerCase lofts (sold separately)&nbsp;</li><li>Fast Fly setup available with optional footprint (sold separately)&nbsp;</li><li>Reflective guylines and webbing on tent corners
Comes with 11 superlight aluminum J stakes<br></li></ul>",Fly Creek UL2 GLO tent,,,fly-creek-ul2-glo-tent,24hrs,,,Backpacking,,,,Black,,,28,,,False,False,,,,,2.375,False,,1-Door,1,8.7,,3,,,,,3,Unapproved,,3-Season,,2-Person,,,,,Backpacking-Tent,False,7,,
Partner sandbox,Tent_006,Tents,Standard,,,116022,True,False,False,DisplayMessage,13.250,24.000,10.000,10.000,DirectShip&InStorePickup,False,,,,1300.0000,,0.0000,,,,,Stormking tent,"Largest all-season tent, the Stormking double-wall 5-person tent easily protects the whole group from everything from wet Cascade snow dumps to multi-day Alaskan horror shows.",<ul><li>Tent frame features equal length poles and color-coded pole clips for easy setup&nbsp;</li><li>Super-strong dome design provides plenty of interior space&nbsp;</li><li>Massive front vestibule and small side vestibule let you store a ton of gear&nbsp;</li><li>Dura-Shield coated fabrics and taped bathtub floor protects from the elements&nbsp;</li><li>Footprint (sold separately) helps provide additional protection for your tent floor&nbsp;</li><li>Four internal pockets<br></li></ul>,Stormking tent,,,stormking-tent,24hrs,,,,Mystic,,,Orange,,,64,,,,,,,,,12.4,,,2-Doors,6,9.5,,4,,,,,4,Unapproved,,4-Season,,5-Person,,,,,Roof-top-Tent,,26,,
Partner sandbox,Tent_007,Tents,Standard,,,125307,True,False,False,DisplayMessage,6.100,7.000,7.000,23.000,DirectShip&InStorePickup,False,,,,270.0000,,0.0000,,,,,Optic Vue 2.5 Tent,"Mountain Hardwear Optic VUE 2.5 tent is roomy enough for 2 plus gear, or a furry friend. A solid canopy body extends its range beyond summer and to places where you encounter sand or dust.","<ul><li>Solid canopy body and dual mesh/canopy doors on adjacent sides offer extra protection and wide-open vistas; just zip them open and roll back the fly for panoramic vistas&nbsp;</li><li>2 canopy and mesh doors with dual-slider zipper allow easy entry and exit , and protection or ample ventilation—your choice&nbsp;</li><li>Dual vestibule design creates a dry entry into tent and room for gear storage&nbsp;</li><li>DAC Pressfit® poles feature a securely fixed, pressed-in ferrule, helping ensure the poles remain strong and reliable
Internal pockets help keep you organized&nbsp;</li><li>Reflective color-coded starter tab on the rainfly and canopy make pitching easy&nbsp;</li><li>Guyout line and line tensioners included<br></li></ul>",Optic Vue 2.5 Tent,,,optic-vue-2.5-tent,24hrs,,,Backpacking,Mountain-Hardwear,,,Blue,,,37,,,,,,,,,16.8,,,2-Doors,3,,,5,,,,,5,Mem,,3-Season,,2-Person,,,,,Backpacking-Tent,,12,,
Partner sandbox,Tent_008,Tents,Standard,,,125308,True,False,False,DisplayMessage,6.600,7.000,7.000,23.000,DirectShip&InStorePickup,False,,,,310.0000,,0.0000,,,,,Optic Vue 3.5,"Mountain Hardwear Optic VUE 3.5 tent is roomy enough for 3 plus gear, or a furry friend. A solid canopy body extends the range of this tent beyond summer and to places where you encounter sand/dust.","<ul><li>Solid canopy body and dual mesh/canopy doors on adjacent sides offer extra protection and wide-open vistas; just zip them open and roll back the fly for panoramic vistas&nbsp;</li><li>2 canopy and mesh doors with dual-slider zipper allow easy entry and exit , and protection or ample ventilation—your choice&nbsp;</li><li>Dual vestibule design creates a dry entry into tent and room for gear storage&nbsp;</li><li>DAC Pressfit® poles feature a securely fixed, pressed-in ferrule, helping ensure the poles remain strong and reliable
Internal pockets help keep you organized&nbsp;</li><li>Reflective color-coded starter tab on the rainfly and canopy make pitching easy&nbsp;</li><li>Guyout line and line tensioners included<br></li></ul>",Optic Vue 3.5,,,optic-vue-3.5,24hrs,,,Backpacking,Mountain-Hardwear,,,Blue,,,45,,,,,,,,,6.375,,,2-Doors,3,,,4,,,,,4,Mem,,3-Season,,3-Person,,,,,Backpacking-Tent,,12,,
Partner sandbox,Tent_009,Tents,Standard,,,117905,True,False,False,DisplayMessage,10.400,26.000,14.000,4.000,DirectShip&InStorePickup,False,,,,330.0000,,0.0000,,,,,Big House 4,"The 3-season Big Agnes Big House 4 camping tent makes for a deluxe and comfortable experience. With a spacious design for 4 campers, easy setup and great ventilation, you'll have good reason to relax.","<ul><li>Front door has dual closure options: mesh only on top for ventilation, or zip up the polyester layer for complete closure and protection from the elements&nbsp;</li><li>Quick Stash on tent body door makes stowing unzipped door simple and easy; welcome mat at front door helps keep your Big House 4 tent free of debris&nbsp;</li><li>Optional, zip-on, pole-supported front vestibule (sold separately) adds a sheltered area for relaxing or generous storage space&nbsp;</li><li>Color-coded webbing and buckles create an intuitive setup; sleeves and plastic clips attach tent body to the pole frame quickly and easily&nbsp;</li><li>Mesh door, walls and ceiling of tent offer excellent cross-ventilation; ripstop polyester fly and rugged polyester taffeta floor have a waterproof polyurethane coating&nbsp;</li><li>Fly walls roll up to expose mesh walls for increased ventilation and visibility; vent in the fly minimizes condensation&nbsp;</li><li>Lightweight aluminum pole system features press-fit connectors; securely fixed, pressed-in ferrules help ensure the poles remain strong and reliable&nbsp;</li><li>Waterproof, solvent-free polyurethane tape seals all seams (no PVC or VOCs); waterproof door helps keeps tent dry&nbsp;</li><li>Stay organized with 18 interior mesh pockets and gear loft loops (gear loft not included); reflective guylines and reflective webbing on tent corners aid nighttime visibility&nbsp;</li><li>Includes briefcase-style carry bag with shoulder straps, organizational pockets and 14 lightweight aluminum hook stakes&nbsp;</li><li>Optional, zip-on, pole-supported front vestibule adds generous storage area; footprint extends the life of your tent by protecting it from wear (both sold separately)<br></li></ul>",Big House 4,,,big-house-4,24hrs,,,,,,,Yellow,,,57,,,,,,,,,10.375,,,2-Doors,4,8.5,,2,,,,,2,Mem,,3-Season,,4-Person,,,,,Roof-top-Tent,,,,
Partner sandbox,Tent_010,Tents,Standard,,9.78E+12,115025,True,False,False,DisplayMessage,3.500,6.000,6.000,18.000,DirectShip&InStorePickup,False,,,,300.0000,,0.0000,,,,,Rattlesnake mtnGLO,"Light up your camp with the roomy, 1-person, 3-season Rattlesnake SL 1 mtnGLO backpacking tent.","<ul><li>Features patent-pending mtnGLO tent lighting technology using durable LED lights to illuminate the interior of your tent&nbsp;</li><li>A simple push button controller with three setting - on, off and 50% brightness - controls the mtnGLO lights
LED light strand is integrated into tent seams and is durable and flexible enough to withstand repeated tent pitching and stuffing&nbsp;</li><li>Requires three AAA batteries (not included) to operate the mtnGLO light controller
Single door and vestibule; storm flaps on vestibule zipper</li><li>Quick Stash on tent body door makes stowing unzipped door simple and easy&nbsp;</li><li>Media pockets located above sleeping area enable clean ear bud cord routing from phones or other devices
All seams taped with waterproof, solvent-free polyurethane tape (No PVC or VOCs)&nbsp;</li><li>DAC pole system with press fit connectors and lightweight hubs; plastic clips attach tent body to pole frame&nbsp;</li><li>Two internal media pockets; three interior mesh pockets&nbsp;</li><li>Compatible with Big Agnes Entertainment Center Loft, PowerCase/Loft and Wall gear loft (not included)&nbsp;</li><li>Footprint available (not included)<br></li></ul>",Rattlesnake mtnGLO,,,rattlesnake-mtnglo,24hrs,,,Backpacking,,,,Black,,,23,,,False,,,,,,3,,,1-Door,2,9,,5,,,,,5,Mem,Winter,3-Season,,1-Person,,,,,Backpacking-Tent,,9,,
Partner sandbox,Tent_011,Tents,Standard,,,117909,True,False,False,DisplayMessage,2.100,5.000,18.000,5.000,DirectShip&InStorePickup,False,,,,370.0000,,0.0000,,,,,Fly Creek UL mtnGLO,"Ultralight, 3-season tent for 2 that weighs in at a scant 2 lbs. 6 oz. and features integrated mtnGLO Tent Light Technology to light up the interior.","<ul><li>Patent-pending mtnGLO Tent Light Technology features durable LED lights that bathe the tent interior with ambient light for sorting gear, eating, reading and studying your map&nbsp;</li><li>All the weatherproof and technical features of a semi-freestanding, 3-season tent with light materials make the Fly Creek an ideal shelter when you need to pack light&nbsp;</li><li>A simple push button controller with three settings—on, off and 50% brightness—controls the mtnGLO lights; controller requires 3 AAA batteries (sold separately)&nbsp;</li><li>CE certified LED light strand is integrated into tent seams; it's durable and flexible to withstand repeated tent pitching and stuffing&nbsp;</li><li>DAC Featherlite NFL pole system features an angled&nbsp;</li><li>SF hub for high-volume pole architecture and steeper walls, increasing usable interior space without increasing weight&nbsp;</li><li>Ultralight plastic clips attach tent body to pole frame&nbsp;</li><li>Dry-entry vestibule keeps the interior of your tent dry as you enter and exit; vertical door adds usable volume to the vestibule&nbsp;</li><li>Single door and vestibule with storm flaps on the vestibule zipper&nbsp;</li><li>Fly and floor have 1,200mm waterproof polyurethane coating; all seams are taped with waterproof, solvent-free polyurethane tape (No PVC or VOCs)&nbsp;</li><li>3 interior mesh pockets; gear loops are compatible with the Big Agnes Entertainment Center and PowerCase lofts (sold separately)&nbsp;</li><li>Fast Fly setup available with optional footprint (sold separately)&nbsp;</li><li>Reflective guylines and webbing on tent corners&nbsp;</li><li>Comes with 11 superlight aluminum J stakes<br></li></ul>",Fly Creek UL mtnGLO,,,fly-creek-ul-mtnglo,24hrs,,,Backpacking,,,,Orange,,,28,,,,,,,,,2,,,1-Door,1,8.7,,3,,,,,3,Mem,,3-Season,,1-Person,,,,,Backpacking-Tent,,7,,
Partner sandbox,Tent_012,Tents,Standard,,,117911,True,False,False,DisplayMessage,2.700,4.500,16.500,4.500,DirectShip&InStorePickup,False,,,,430.0000,,0.0000,,,,,Copper Spur UL mtnGLO,features integrated LED lights that provide convenient ambient light in your backpacking shelter with the click of a button.,"<ul><li>Patent-pending mtnGLO Tent Light Technology's durable LED lights illuminate the tent interior with light to sort gear, eat, read and study your map&nbsp;</li><li>Simple push-button controller with 3 settings—on, off and 50% brightness—controls the mtnGLO lights; requires 3 AAA batteries (sold separately)&nbsp;</li><li>CE certified LED light strand is integrated into tent seams; it's durable and flexible to withstand repeated tent pitching and stuffing&nbsp;</li><li>Single door and vestibule with storm flaps on vestibule zipper&nbsp;</li><li>DAC Featherlight NSL + NFL pole system with lightweight hub design; DAC H clip attaches tent body to crossover pole; ultralight plastic clips attach tent body to pole frame&nbsp;</li><li>Steep wall construction and crossover pole increase interior space
2 media pockets located above sleeping area enable clean earbud cord routing from phones or other devices&nbsp;</li><li>Fly and floor have waterproof polyurethane coating; all seams are taped with waterproof, solvent-free polyurethane tape (No PVC or VOCs)&nbsp;</li><li>3 interior mesh pockets; gear loops are compatible with the Big Agnes Entertainment Center and PowerCase lofts (sold separately)&nbsp;</li><li>Fast Fly setup available with optional footprint (sold separately)&nbsp;</li><li>Reflective guylines and webbing at tent corners&nbsp;</li><li>8 Superlight aluminum J stakes included<br></li></ul>",Copper Spur UL mtnGLO,,,copper-spur-ul-mtnglo,24hrs,,,Backpacking,,,,Orange,,,22,,,,,,,,,2.25,,,1-Door,1,8.7,,4,,,,,4,Mem,,3-Season,,1-Person,,,,,Backpacking-Tent,,10,,
Partner sandbox,Tent_020,Tents,Standard,,,116000,True,False,False,DisplayMessage,7.000,20.000,7.000,7.000,DirectShip&InStorePickup,False,,,,600.0000,,0.0000,,,,,Fury 2,Mountaineering tent offers unmatched double-wall strength and reliability. Its small footprint allows it to be pitched with minimal platform prep on steep slopes and ridges.,"<ul><li>Large, hooped front vestibule offers generous space to store gear, thereby maximizing interior living space&nbsp;</li><li>Large rear window keeps weight down while allowing cross ventilation&nbsp;</li><li>Super strong advanced geometry and reinforced guyout points provide security in the worst conditions&nbsp;</li><li>New color-coded pole clips make setting up in windy conditions easier than ever; they also allow ventilation between rainfly and canopy&nbsp;</li><li>DuraShield™-coated fabrics are durable and waterproof; taped bathtub floor
4 internal pockets&nbsp;</li><li>Multiple reflective guyout points increase the visibility of the tent in the dark<br></li></ul>",Fury 2,,,fury-2,24hrs,,,Backpacking,Mystic,,,Orange,,,36,,,,,,,,,6.125,,,1-Door,4,9,,4,,,,,4,Unapproved,,4-Season,,2-Person,,,,,Backpacking-Tent,,9,,
Partner sandbox,Tent_021,Tents,Standard,,,117900,True,False,False,DisplayMessage,5.400,6.000,6.000,20.000,DirectShip&InStorePickup,False,,,,550.0000,,0.0000,,,,,Slater UL3+,"Inspired by the Fly Creek UL line, the ultralight, 3-season Big Agnes Slater UL3+ tent offers the same light and fast design for three backpackers, plus extra floor space and less canopy mesh.","<ul><li>Extra space comes at little cost in terms of weight; lightweight, breathable ripstop nylon walls offer extra warmth, privacy and protection&nbsp;</li><li>Light and strong DAC Featherlite® NSL poles, press-fit connectors and a lightweight hub use an anodization process with fewer chemicals than other processes&nbsp;</li><li>DAC twist clips and color-coded pole ends, webbing and buckles make setting up the Big Agnes Slater UL3+ quick and easy&nbsp;</li><li>Woven nylon mesh in the upper canopy provides ventilation; ripstop nylon helps keep sand and wind out of the tent when you head to the desert&nbsp;</li><li>Polyurethane- and silicone-coated high-tenacity ripstop nylon fly and floor; waterproof, solvent-free polyurethane tape seals all seams&nbsp;</li><li>Fly vent improves ventilation to reduce condensation; stormflap over vestibule zipper prevents water drips&nbsp;</li><li>Reflective guyouts and reflective webbing on tent corners increase visibility at night&nbsp;</li><li>5 interior mesh pockets and gear loft loops (gear loft sold separately) accommodate storage&nbsp;</li><li>For a lightweight setup during nice weather leave tent body behind; use the rainfly and footprint (sold separately) with the poles and stakes&nbsp;</li><li>Comes with 15 superlight aluminum J stakes and stuff sacks<br></li></ul>",Slater UL3+,,,slater-ul3-,24hrs,,,Backpacking,,,,Green,,,47,,,,,,,,,3.75,,,2-Doors,2,9,,2,,,,,2,Unapproved,,3-Season,,3-Person,,,,,Backpacking-Tent,,32,,
Partner sandbox,Tent_014,Tents,Standard,,,116087,True,False,False,DisplayMessage,4.300,6.700,21.500,6.700,DirectShip&InStorePickup,False,,,,550.0000,,0.0000,,,,,Force 3P,"Your go-to shelter when you want the perfect balance of weight savings, comfort and easy setup.","<ul><li>Volume-optimizing structure with strategic clip placement and extended head and foot zones creates extra interior volume for plenty of usable, livable space&nbsp;</li><li>2 D-shaped doors and vestibules with jingle-free nylon zipper pulls
Seam-taped, catenary-cut floor with twin-tip design increases durability and saves weight&nbsp;</li><li>Color-coded, easy-pitch clips and poles&nbsp;</li><li>Seam-taped, full-coverage fly with vents
Interior pockets for small gear organization; lampshade pocket securely holds your headlamp to provide ambient light&nbsp;</li><li>Save weight and create a minimalist shelter by using just the rainfly, poles and footprint (sold separately)<br></li></ul>",Force 3P,,,force-3p,24hrs,,,Backpacking,Marmot,,,Green,,,40,,,,,,,,,3.9,,,2-Doors,4,8.7,,4,,,,,4,Mem,,3-Season,,3-Person,,,,,Backpacking-Tent,,15,,
Partner sandbox,Tent_015,Tents,Standard,,,115979,True,False,False,DisplayMessage,2.700,17.500,5.000,5.000,DirectShip&InStorePickup,False,,,,490.0000,,0.0000,,,,,Tensegrity 2 Elite,Featherweight build that gives solo backpackers more living space than comparable tents.,"<ul><li>Using lightweight, fully siliconized nylon fabrics to repel water, the Elite fabric reduces weight, greatly increases strength, and offers better UV resistance&nbsp;</li><li>Tensegrity gets wider toward its peak, offering plenty of room at the shoulders&nbsp;</li><li>Innovative geometry removes the need for a guyline over the doorway&nbsp;</li><li>Waterproof sidewalls zip open to provide maximum ventilation and visibility; head and foot walls are mesh&nbsp;</li><li>Large drop door offers easy entry and exit, and creates an open and airy feel&nbsp;</li><li>12-in. awning provides dry entry and exit, delivers sun protection and allows for door / window to remain open during a storm</li><li>Pitches with trekking poles (sold separately); slotted webbing along the front of the tent lets you move the grommet pole-tip connector as needed to make pitching easier&nbsp;</li><li>Gear closet creates storage space where it should be—away from the door; it can be toggled closed or left open for additional venting, while staying dry in a rainstorm<br></li></ul>",Tensegrity 2 Elite,,,tensegrity-2-elite,24hrs,,,Backpacking,,,,Yellow,,,29.3,,,,,,,,,2.3125,,,3-Doors,1,8.7,,2,,,,,2,Mem,,3-Season,,2-Person,,,,,Backpacking-Tent,,10.8,,
Partner sandbox,Tent_016,Tents,Standard,,,116086,True,False,False,DisplayMessage,2.400,19.700,5.000,5.000,DirectShip&InStorePickup,False,,,,400.0000,,0.0000,,,,,Force 1P,"A go-to shelter when you want the perfect balance of weight savings, comfort and easy setup.","<ul><li>Volume-optimizing structure with strategic clip placement and extended head and foot zones creates extra interior volume for plenty of usable, livable space&nbsp;</li><li>1 D-shaped door and vestibule with jingle-free nylon zipper pulls&nbsp;</li><li>Seam-taped, catenary-cut floor with twin-tip design increases durability and saves weight&nbsp;</li><li>Color-coded, easy-pitch clips and poles&nbsp;</li><li>Seam-taped, full-coverage fly with vents
Interior pockets for small gear organization; lamp shade pocket securely holds your headlamp to provide ambient light&nbsp;</li><li>Save weight and create a minimalist shelter by using just the rainfly, poles and footprint (sold separately)<br></li></ul>",Force 1P,,,force-1p,24hrs,,,Backpacking,Marmot,,,Green,,,21,,,,,,,,,2.3125,,,1-Door,3,8.7,,5,,,,,5,Unapproved,,3-Season,,1-Person,,,,,Backpacking-Tent,,3,,
Partner sandbox,Tent_017,Tents,Standard,,,117917,True,False,False,DisplayMessage,14.400,24.000,15.000,5.000,DirectShip&InStorePickup,False,,,,700.0000,,0.0000,,,,,Red Canyon 4 mtnGLO,"With built-in Goal Zero solar technology, the Big Agnes Red Canyon 4 GZ mtnGLO™ tent offers patent-pending mtnGLO Tent Light Technology featuring LED lights integrated into the tent body.","<ul><li>Seamlessly integrated Goal Zero Nomad 7 solar panel, fan, LAL lantern and Flip 20 battery let you charge your USB and 12V devices, or power your mtnGLO lights from the sun&nbsp;</li><li>Solar Ready is a feature exclusive to Goal Zero and their chosen partners that make products compatible with their line of premier solar panels&nbsp;</li><li>Solar Ready insertion point in the fly and tent body gives you the most direct route from the solar panel to the battery and internal cords that operate the lantern and fan&nbsp;</li><li>Overlapping fabric keeps this opening protected and your tent waterproof&nbsp;</li><li>Daisy chain webbing on the fly makes attaching your Goal Zero Nomad 7 solar panel simple and allows multiple placement options to maximize solar exposure&nbsp;</li><li>Pocket specifically designed to hold the Goal Zero Flip 20 battery is conveniently located near the incoming solar panel cord&nbsp;</li><li>2 large pockets are located near the doors to hold your devices while charging; use the routing clips to run your phone cord up to the Flip 20 battery pocket&nbsp;</li><li>Goal Zero cords line up with the toggles and clips sewn into the tent ceiling, so you can attach the fan and lantern to the USB connections in the position you prefer&nbsp;</li><li>Goal Zero Flip 20 battery can also be used to power your mtnGLO tent lights once the sun goes down&nbsp;</li><li>Durable LED lights illuminate the tent's interior with enough light to sort gear, play cards and hang out with friends without blinding them with a headlamp&nbsp;</li><li>Simple push-button controller activates the mtnGLO lights with 3 settings: on, off and 50% brightness (controller requires 6 AAA batteries, sold separately)&nbsp;</li><li>CE-certified LED light strand is integrated into the tent seams; it's durable and flexible enough to withstand repeated tent pitching and stuffing&nbsp;</li><li>2 doors and 2 vestibules with stormflaps on vestibule zippers; Quick Stash makes stowing unzipped door quick and easy&nbsp;</li><li>Reflective guylines and webbing on tent corners; color-coded webbing and buckles make setup easy; plastic clips and sleeves attach tent body to pole frame&nbsp;</li><li>12 interior mesh pockets; media pockets located above sleeping area enable clean earbud cord routing from phones or other devices; gear loft loops included&nbsp;</li><li>Fly and floor have waterproof polyurethane coating; all seams are taped with waterproof, solvent-free polyurethane tape (No PVC or VOCs)&nbsp;</li><li>Includes 13 hook stakes and briefcase-style carry bag with shoulder straps and organization pockets; footprint and Entertainment Center / PowerCase gear lofts sold separately<br></li></ul>",Red Canyon 4 mtnGLO,,,red-canyon-4-mtnglo,24hrs,,,,,,,Yellow,Built-in-LED-lighting,,60,,,,,,,,,13.25,,,2-Doors,4,10.2,,3,,,,,3,Unapproved,,3-Season,,4-Person,,,,,Camping-Tent,,30,,
Partner sandbox,Tent_018,Tents,Standard,,,117915,True,False,False,DisplayMessage,4.900,7.000,7.000,18.000,DirectShip&InStorePickup,False,,,,650.0000,,0.0000,,,,,Krumholtz UL 2 mtnGLO,"With built-in Goal Zero solar technology, the Big Agnes Krumholtz UL 2 GZ mtnGLO™ tent offers patent-pending mtnGLO Tent Light Technology, featuring LED lights integrated into the tent body.","<ul><li>Seamlessly integrated Goal Zero Nomad 7 solar panel, fan, LAL lantern and Flip 20 battery let you charge your USB and 12V devices or power your mtnGLO lights from the sun
Solar Ready is a feature exclusive to&nbsp;</li><li>Goal Zero and chosen partners, making products compatible with their line of premier solar panels&nbsp;</li><li>Solar Ready insertion point in the fly and tent body gives you the most direct route from the solar panel to the battery and internal cords that operate the lantern and fan&nbsp;</li><li>Overlapping fabric keeps this opening protected and your tent waterproof</li><li>Daisy chain webbing on the fly makes attaching your&nbsp;</li><li>Goal Zero Nomad 7 solar panel simple, and allows multiple placement options to maximize solar exposure
Pocket specifically designed to hold the&nbsp;</li><li>Goal Zero Flip 20 battery is conveniently located nearest the incoming solar panel cord&nbsp;</li><li>Goal Zero cords line up with the toggles and clips sewn into the tent ceiling so you can attach the fan and lantern to the USB connections in the position you prefer&nbsp;</li><li>Multiple clips and toggles sewn into the tent seam allow the cords for the fan and lantern to be routed toward the head or foot of the tent, depending on your preference&nbsp;</li><li>Goal Zero Flip 20 battery can also be used to power your mtnGLO tent lights once the sun has gone down&nbsp;</li><li>Durable LED lights illuminate the tent's interior with enough light to sort gear, play cards and hang out without blinding your friend with a headlamp&nbsp;</li><li>Simple push-button controller activates the mtnGLO lights with 3 settings: on, off and 50% brightness (controller requires 6 AAA batteries, sold separately)&nbsp;</li><li>CE certified LED light strand is integrated into the tent seams; it's durable and flexible enough to withstand repeated tent pitching and stuffing
2 doors and 2 vestibules with storm flaps on vestibule zippers&nbsp;</li><li>DAC Featherlite NFL pole system with lightweight hub design; DAC H clip attaches tent body to crossover pole; ultralight plastic clips attach tent body to pole frame&nbsp;</li><li>Reflective guylines and webbing on tent corners; color-coded webbing and buckles make setup easy&nbsp;</li><li>4 interior mesh pockets; 2 media pockets; gear loft loops included (Entertainment Center / PowerCase gear lofts sold separately)
All seams are taped with waterproof, solvent-free polyurethane tape (No PVC or VOCs)&nbsp;</li><li>Fast Fly setup available with optional footprint (sold separately)
Includes&nbsp;</li><li>8 superlight J stakes<br></li></ul>",Krumholtz UL 2 mtnGLO,,,krumholtz-ul-2-mtnglo,24hrs,,,Backpacking,,,,Yellow,Built-in-LED-lighting,,29,,,,,,,,,4.9,,,2-Doors,2,10.2,,4,,,,,4,Unapproved,,3-Season,,2-Person,,,,,Backpacking-Tent,,18,,
Partner sandbox,Tent_019,Tents,Standard,,,108474,True,False,False,DisplayMessage,13.400,27.000,15.000,5.000,DirectShip&InStorePickup,False,,,,355.0000,,0.0000,,,,,MSR 5 Person Tent,"Winner of Backpacker’s 2015 Editors' Choice Award for its built-in LED lighting, the 4-person, 3-season Gilpin Falls 4 mtnGLO tent also offers a clever power supply so you can charge your devices.","<ul><li>mtnGLO™ Tent Lighting Technology features LED lights integrated into the tent body, so you can experience ambient light in your shelter with the click of a button&nbsp;</li><li>LED light strands are durable and flexible enough to withstand repeated tent pitching and stuffing&nbsp;</li><li>LEDs illuminate the interior of your tent with 90+ hrs. of hands-free light to sort gear, read, eat and play cards without blinding your friends with a headlamp&nbsp;</li><li>2 simple push-button controllers have 3 settings: on, off and 50% brightness; each controller requires 3 AAA batteries (sold separately)
Included Joey&nbsp;</li><li>T55 computerized power supply weighs just 7 oz.; it enables high-speed charging, charges multiple devices at once and senses the demand needed for each device&nbsp;</li><li>Light and compact, the TSA and air-freight compliant Joey T55 helps protect your devices by sensing temperature and has no buttons to push or accidentally switch on or off&nbsp;</li><li>2 doors and 2 vestibules with stormflaps on vestibule zippers; Quick Stash makes it easy to stow unzipped doors&nbsp;</li><li>4 media pockets route earbud cords from phones or other devices; 2 interior mesh pockets hold tablets for easy movie viewing; 12 mesh organization pockets&nbsp;</li><li>All seams taped with waterproof, solvent-free polyurethane tape (no PVC or VOCs)&nbsp;</li><li>Color-coded webbing and buckles make setup easy; reflective guylines and webbing on tent corners and suggested anchor points&nbsp;</li><li>Includes 18 lightweight aluminum hook stakes<br></li></ul>",Gilpin Falls mtnGLO,,,gilpin-falls-mtnglo,24hrs,,,Camping,MSR,,,Yellow,Built-in-LED-lighting,,60,,,,,,,,,12.375,,,2-Doors,4,13,Aluminum,5,,,,,5,Unapproved,,3-Season,,5-Person,,,,,Camping-Tent,,30,,
Partner sandbox,Tent_013,Tents,Standard,,,115974,True,False,False,DisplayMessage,2.250,17.000,4.000,4.000,DirectShip&InStorePickup,False,,,2,300.0000,,0.0000,,,,,Flashlight 1 Tent,Perfect backpacking tent for solo adventurers who know that comfort and light weight aren't mutually exclusive.,"<ul><li>Featherlight design offers all the same benefits as the previous version, but with even less weight</li><li>&nbsp;Large drop door offers easy entry and exit for maximum livability, and creates cross-ventilation for superior condensation management&nbsp;</li><li>Defined floor with only 6 stakeout points ensures easy setup and eliminates the re-staking associated with other tarp tents and trekking-pole shelters&nbsp;</li><li>8-in. awning provides dry entry and exit, delivers sun protection and allows for door / window to remain open during a storm&nbsp;</li><li>Hybrid double / single wall reduces weight and provides quick, dry setup, even in the rain&nbsp;</li><li>Trekking-pole compatibility saves a valuable 6 oz. when you leave the 46-in. vertical poles behind, making this one of the largest and most livable tents in its weight class&nbsp;</li><li>Gear closet creates storage where it should be—away from the door; it can be toggled closed or left open for additional venting, while staying dry in a rainstorm<br></li></ul>",Flashlight 1,,,flashlight-1,24hrs,,,Backpacking,,,,Yellow,,,18.8,,,False,False,,,,,1.9,False,,1-Door,3,8.5,,5,,,,,5,Mem,,3-Season,,1-Person,,,,,Backpacking-Tent,False,3.5,,