MasterCatalogName,ProductType,AttributeCode,Type,VocabularyValue
Partner sandbox,Base,availability,Property,24hrs
Partner sandbox,Base,availability,Property,24-48hrs
Partner sandbox,Base,availability,Property,24-72hrs
Partner sandbox,Base,availability,Property,1-2days
Partner sandbox,Base,availability,Property,2-3days
Partner sandbox,Base,availability,Property,1-2weeks
Partner sandbox,Base,availability,Property,2-3weeks
Partner sandbox,Base,availability,Property,2-4weeks
Partner sandbox,Base,availability,Property,4-6weeks
Partner sandbox,Base,best-use,Property,Backcountry-Skiing
Partner sandbox,Base,best-use,Property,Backpacking
Partner sandbox,Base,best-use,Property,Bike-Commuting
Partner sandbox,Base,best-use,Property,Camping
Partner sandbox,Base,best-use,Property,Casual
Partner sandbox,Base,best-use,Property,Climbing
Partner sandbox,Base,best-use,Property,Cross-Country-Skiing
Partner sandbox,Base,best-use,Property,Downhill-Skiing
Partner sandbox,Base,best-use,Property,Fishing
Partner sandbox,Base,best-use,Property,Fitness
Partner sandbox,Base,best-use,Property,Hiking
Partner sandbox,Base,best-use,Property,Ice-Climbing
Partner sandbox,Base,best-use,Property,Mountaineering
Partner sandbox,Base,best-use,Property,Multisport
Partner sandbox,Base,best-use,Property,Rock-Climbing
Partner sandbox,Base,best-use,Property,Running
Partner sandbox,Base,best-use,Property,Snowboarding
Partner sandbox,Base,best-use,Property,Snowshoeing
Partner sandbox,Base,best-use,Property,Snowsports
Partner sandbox,Base,best-use,Property,Trail-Running
Partner sandbox,Base,best-use,Property,Travel
Partner sandbox,Base,best-use,Property,Urban-Cycling
Partner sandbox,Base,best-use,Property,Watersports
Partner sandbox,Base,best-use,Property,Yoga
Partner sandbox,Base,brand,Property,ALPS-Moutaineering
Partner sandbox,Base,brand,Property,Ahnu
Partner sandbox,Base,brand,Property,Arc-teryx
Partner sandbox,Base,brand,Property,Asolo
Partner sandbox,Base,brand,Property,Avex
Partner sandbox,Base,brand,Property,Balenciaga
Partner sandbox,Base,brand,Property,Bauer
Partner sandbox,Base,brand,Property,Big-Agnes
Partner sandbox,Base,brand,Property,Biolite
Partner sandbox,Base,brand,Property,Black-Diamond
Partner sandbox,Base,brand,Property,Bolle
Partner sandbox,Base,brand,Property,CamelBak
Partner sandbox,Base,brand,Property,Camp-Chef
Partner sandbox,Base,brand,Property,Cartier
Partner sandbox,Base,brand,Property,Chaco
Partner sandbox,Base,brand,Property,Chanel
Partner sandbox,Base,brand,Property,Chaos
Partner sandbox,Base,brand,Property,Christian-Dior
Partner sandbox,Base,brand,Property,Coleman
Partner sandbox,Base,brand,Property,Columbia
Partner sandbox,Base,brand,Property,Craghoppers
Partner sandbox,Base,brand,Property,Cycle-Dog
Partner sandbox,Base,brand,Property,Deuter
Partner sandbox,Base,brand,Property,ENO
Partner sandbox,Base,brand,Property,Eagle-Creek
Partner sandbox,Base,brand,Property,Esbit
Partner sandbox,Base,brand,Property,Eureka
Partner sandbox,Base,brand,Property,ExOfficio
Partner sandbox,Base,brand,Property,Exped
Partner sandbox,Base,brand,Property,Fendi
Partner sandbox,Base,brand,Property,Five-Ten
Partner sandbox,Base,brand,Property,Garmin
Partner sandbox,Base,brand,Property,Gerber
Partner sandbox,Base,brand,Property,Givenchy
Partner sandbox,Base,brand,Property,GoPro
Partner sandbox,Base,brand,Property,GoSun
Partner sandbox,Base,brand,Property,GoalZero
Partner sandbox,Base,brand,Property,Gordini
Partner sandbox,Base,brand,Property,Gregory
Partner sandbox,Base,brand,Property,Gucci
Partner sandbox,Base,brand,Property,HENNESSY
Partner sandbox,Base,brand,Property,HOKA-ONE-ONE
Partner sandbox,Base,brand,Property,Haglofs
Partner sandbox,Base,brand,Property,Helly-Hansen
Partner sandbox,Base,brand,Property,Hermes
Partner sandbox,Base,brand,Property,Hi-Tec
Partner sandbox,Base,brand,Property,Icebreaker
Partner sandbox,Base,brand,Property,JanSport
Partner sandbox,Base,brand,Property,Jetboil
Partner sandbox,Base,brand,Property,Julbo
Partner sandbox,Base,brand,Property,KEEN
Partner sandbox,Base,brand,Property,KUHL
Partner sandbox,Base,brand,Property,Kammock
Partner sandbox,Base,brand,Property,Kelty
Partner sandbox,Base,brand,Property,Klean-Kanteen
Partner sandbox,Base,brand,Property,La-Sportiva
Partner sandbox,Base,brand,Property,Lorpen
Partner sandbox,Base,brand,Property,Louis-Vuitton
Partner sandbox,Base,brand,Property,Lowa
Partner sandbox,Base,brand,Property,Lucy
Partner sandbox,Base,brand,Property,MONTANE
Partner sandbox,Base,brand,Property,MSR
Partner sandbox,Base,brand,Property,MTI
Partner sandbox,Base,brand,Property,Mammut
Partner sandbox,Base,brand,Property,Manzella
Partner sandbox,Base,brand,Property,Marmot
Partner sandbox,Base,brand,Property,Merrell
Partner sandbox,Base,brand,Property,Mizu
Partner sandbox,Base,brand,Property,Mountain-Hardwear
Partner sandbox,Base,brand,Property,Mountain-Khakis
Partner sandbox,Base,brand,Property,Mtn-Hardwear
Partner sandbox,Base,brand,Property,Mystic
Partner sandbox,Base,brand,Property,NEMO
Partner sandbox,Base,brand,Property,NRS
Partner sandbox,Base,brand,Property,Nau
Partner sandbox,Base,brand,Property,Oakley
Partner sandbox,Base,brand,Property,Oboz
Partner sandbox,Base,brand,Property,Osprey
Partner sandbox,Base,brand,Property,Outdoor-Research
Partner sandbox,Base,brand,Property,Patagonia
Partner sandbox,Base,brand,Property,Pearl-Izumi
Partner sandbox,Base,brand,Property,Platypus
Partner sandbox,Base,brand,Property,Prada
Partner sandbox,Base,brand,Property,Primus
Partner sandbox,Base,brand,Property,Reflekt
Partner sandbox,Base,brand,Property,Roark-Revival
Partner sandbox,Base,brand,Property,Royal-Robbins
Partner sandbox,Base,brand,Property,Ruffwear
Partner sandbox,Base,brand,Property,Saint-Laurent
Partner sandbox,Base,brand,Property,Salomon
Partner sandbox,Base,brand,Property,SealLine
Partner sandbox,Base,brand,Property,Sea-to-Summit
Partner sandbox,Base,brand,Property,Seattle-Sports
Partner sandbox,Base,brand,Property,Serengeti
Partner sandbox,Base,brand,Property,Sherpa-Adventure-Gear
Partner sandbox,Base,brand,Property,Sierra-Designs
Partner sandbox,Base,brand,Property,Smartwool
Partner sandbox,Base,brand,Property,Smith
Partner sandbox,Base,brand,Property,Snow-Peak
Partner sandbox,Base,brand,Property,Solo-Stove
Partner sandbox,Base,brand,Property,Stephanie-Gottlieb
Partner sandbox,Base,brand,Property,Suunto
Partner sandbox,Base,brand,Property,Tentsile
Partner sandbox,Base,brand,Property,The-North-Face
Partner sandbox,Base,brand,Property,Thorlo
Partner sandbox,Base,brand,Property,Tiffany---Co.
Partner sandbox,Base,brand,Property,Tifosi
Partner sandbox,Base,brand,Property,Timberland
Partner sandbox,Base,brand,Property,Timbuk2
Partner sandbox,Base,brand,Property,Toad-Co
Partner sandbox,Base,brand,Property,United-by-Blue
Partner sandbox,Base,brand,Property,Van-Cleef---Arpels
Partner sandbox,Base,brand,Property,Vasque
Partner sandbox,Base,brand,Property,Vivrelle
Partner sandbox,Base,brand,Property,Warrior
Partner sandbox,Base,brand,Property,White-Sierra
Partner sandbox,Base,brand,Property,Yeti
Partner sandbox,Base,brand,Property,prAna
Partner sandbox,Base,season,Property,Fall
Partner sandbox,Base,season,Property,Spring
Partner sandbox,Base,season,Property,Summer
Partner sandbox,Base,season,Property,Winter
Partner sandbox,Tents,faset-color,Property,Athletic-Grey
Partner sandbox,Tents,faset-color,Property,Black
Partner sandbox,Tents,faset-color,Property,Blue
Partner sandbox,Tents,faset-color,Property,Blue-with-Black
Partner sandbox,Tents,faset-color,Property,Brown
Partner sandbox,Tents,faset-color,Property,Copper
Partner sandbox,Tents,faset-color,Property,Green
Partner sandbox,Tents,faset-color,Property,Grey
Partner sandbox,Tents,faset-color,Property,Gunmetal-with-Summer-Fog
Partner sandbox,Tents,faset-color,Property,Multi
Partner sandbox,Tents,faset-color,Property,Nutmeg
Partner sandbox,Tents,faset-color,Property,Orange
Partner sandbox,Tents,faset-color,Property,Pink
Partner sandbox,Tents,faset-color,Property,Purple
Partner sandbox,Tents,faset-color,Property,Red
Partner sandbox,Tents,faset-color,Property,White
Partner sandbox,Tents,faset-color,Property,Yellow
Partner sandbox,Tents,features,Property,Adjustable-Torso
Partner sandbox,Tents,features,Property,Altimeter/Barometer-Lock
Partner sandbox,Tents,features,Property,Ascent/Descent-Rate
Partner sandbox,Tents,features,Property,Auto-Ignition
Partner sandbox,Tents,features,Property,Avalanche-Airbag
Partner sandbox,Tents,features,Property,BPA-Free
Partner sandbox,Tents,features,Property,Battery-Included
Partner sandbox,Tents,features,Property,Biodegradable
Partner sandbox,Tents,features,Property,Bite-Valve-Shut-Off-Switch
Partner sandbox,Tents,features,Property,Built-in-LED-lighting
Partner sandbox,Tents,features,Property,Camp-Bathroom
Partner sandbox,Tents,features,Property,Can-Be-Resoled
Partner sandbox,Tents,features,Property,Carry-On-Size
Partner sandbox,Tents,features,Property,Collapsible
Partner sandbox,Tents,features,Property,Compass
Partner sandbox,Tents,features,Property,Compression-Straps
Partner sandbox,Tents,features,Property,Contains-recycled-materials
Partner sandbox,Tents,features,Property,Convertible
Partner sandbox,Tents,features,Property,Cycling-Functions
Partner sandbox,Tents,features,Property,Elevation-Gain/Loss
Partner sandbox,Tents,features,Property,Field-Cleanable
Partner sandbox,Tents,features,Property,FlashDry
Partner sandbox,Tents,features,Property,Foldable
Partner sandbox,Tents,features,Property,GPS
Partner sandbox,Tents,features,Property,Goose-Down
Partner sandbox,Tents,features,Property,HRM-Included/Integrated
Partner sandbox,Tents,features,Property,Hipbelt
Partner sandbox,Tents,features,Property,Hood
Partner sandbox,Tents,features,Property,Inner-Liner
Partner sandbox,Tents,features,Property,Insect-Repellent
Partner sandbox,Tents,features,Property,Insulated
Partner sandbox,Tents,features,Property,Lap-Timer
Partner sandbox,Tents,features,Property,Laptop-Compartment
Partner sandbox,Tents,features,Property,Made-in-USA
Partner sandbox,Tents,features,Property,Moisture-Wicking
Partner sandbox,Tents,features,Property,New-Arrivals
Partner sandbox,Tents,features,Property,Omni-Shade
Partner sandbox,Tents,features,Property,Omni-Shield
Partner sandbox,Tents,features,Property,Omni-Wick
Partner sandbox,Tents,features,Property,Packable
Partner sandbox,Tents,features,Property,Pit-Zips
Partner sandbox,Tents,features,Property,Programmable-Routes
Partner sandbox,Tents,features,Property,Quick-Disconnect-Tubing
Partner sandbox,Tents,features,Property,Quick-Drying
Partner sandbox,Tents,features,Property,Quilted-Polyester
Partner sandbox,Tents,features,Property,RFID-Blocking
Partner sandbox,Tents,features,Property,Raincover-Included
Partner sandbox,Tents,features,Property,Removable-Daypack
Partner sandbox,Tents,features,Property,Shoulder-Straps
Partner sandbox,Tents,features,Property,Side-Cargo-Pockets
Partner sandbox,Tents,features,Property,Sleep-Tracking
Partner sandbox,Tents,features,Property,Smart-Device-Notifications
Partner sandbox,Tents,features,Property,Sun-Protective-Fabric
Partner sandbox,Tents,features,Property,Suspended-Mesh-Back-Panel
Partner sandbox,Tents,features,Property,Swimming-Functions
Partner sandbox,Tents,features,Property,Teflon
Partner sandbox,Tents,features,Property,Thumbholes
Partner sandbox,Tents,features,Property,Tide-Tracking
Partner sandbox,Tents,features,Property,Tracks-Calories-Burned
Partner sandbox,Tents,features,Property,Tracks-Distance
Partner sandbox,Tents,features,Property,Tracks-Speed
Partner sandbox,Tents,features,Property,Tracks-Steps
Partner sandbox,Tents,features,Property,User-Replaceable-Battery
Partner sandbox,Tents,features,Property,Vegan
Partner sandbox,Tents,features,Property,Water-Resistant-Down
Partner sandbox,Tents,features,Property,Waterproof
Partner sandbox,Tents,features,Property,2-Way-Zipper
Partner sandbox,Tents,features,Property,Weather-Forecast
Partner sandbox,Tents,features,Property,Wide-Mouth-Opening
Partner sandbox,Tents,features,Property,Windproof
Partner sandbox,Tents,features,Property,Wireless-Sync
Partner sandbox,Tents,features,Property,bluesign
Partner sandbox,Tents,features,Property,iPad-/-Tablet-Compartment
Partner sandbox,Tents,features,Property,3-in-1-Jacket
Partner sandbox,Tents,number-of-doors,Property,1-Door
Partner sandbox,Tents,number-of-doors,Property,0-Doors
Partner sandbox,Tents,number-of-doors,Property,2-Doors
Partner sandbox,Tents,number-of-doors,Property,3-Doors
Partner sandbox,Tents,number-of-doors,Property,4-Doors
Partner sandbox,Tents,pole-material,Property,Aluminum
Partner sandbox,Tents,pole-material,Property,Aluminum-DAC
Partner sandbox,Tents,pole-material,Property,Aluminum-DAC-Featherlite
Partner sandbox,Tents,pole-material,Property,DAC-Pressfit
Partner sandbox,Tents,pole-material,Property,Fiberglass
Partner sandbox,Tents,role,Property,AdvClub
Partner sandbox,Tents,role,Property,Mem
Partner sandbox,Tents,role,Property,Unapproved
Partner sandbox,Tents,role,Property,wholesaler
Partner sandbox,Tents,seasons,Property,2-Season
Partner sandbox,Tents,seasons,Property,3-Season
Partner sandbox,Tents,seasons,Property,4-Season
Partner sandbox,Tents,seasons,Property,3---4-Season
Partner sandbox,Tents,sleeping-capacity,Property,1-Person
Partner sandbox,Tents,sleeping-capacity,Property,2-Person
Partner sandbox,Tents,sleeping-capacity,Property,3-Person
Partner sandbox,Tents,sleeping-capacity,Property,4-Person
Partner sandbox,Tents,sleeping-capacity,Property,5-Person
Partner sandbox,Tents,sleeping-capacity,Property,6-Person
Partner sandbox,Tents,sleeping-capacity,Property,8--Person
Partner sandbox,Tents,tent-length,Property,Large
Partner sandbox,Tents,tent-length,Property,Medium
Partner sandbox,Tents,tent-length,Property,Small
Partner sandbox,Tents,tent-type,Property,Backpacking-Tent
Partner sandbox,Tents,tent-type,Property,Camping-Tent
Partner sandbox,Tents,tent-type,Property,Roof-top-Tent
Partner sandbox,Sleeping Bag,fits-up-to,Property,Greater-than-6-ft.-6-in.
Partner sandbox,Sleeping Bag,fits-up-to,Property,Up-to-5-ft.
Partner sandbox,Sleeping Bag,fits-up-to,Property,5-ft.-7-in.-to-6-ft.
Partner sandbox,Sleeping Bag,fits-up-to,Property,5-ft.-1-in-to-5-ft.-6-in.
Partner sandbox,Sleeping Bag,fits-up-to,Property,6ft.-1-in.-to-6-ft.-6-in.
Partner sandbox,Sleeping Bag,gender,Property,Boys-
Partner sandbox,Sleeping Bag,gender,Property,Girls-
Partner sandbox,Sleeping Bag,gender,Property,Kids-
Partner sandbox,Sleeping Bag,gender,Property,Men-s
Partner sandbox,Sleeping Bag,gender,Property,Unisex
Partner sandbox,Sleeping Bag,gender,Property,Women-s
Partner sandbox,Sleeping Bag,insulation-type,Property,Air
Partner sandbox,Sleeping Bag,insulation-type,Property,Down
Partner sandbox,Sleeping Bag,insulation-type,Property,Down-/-Synthetic-Blend
Partner sandbox,Sleeping Bag,insulation-type,Property,Foam
Partner sandbox,Sleeping Bag,insulation-type,Property,Synthetic
Partner sandbox,Sleeping Bag,length,Option,Long
Partner sandbox,Sleeping Bag,length,Option,Regular
Partner sandbox,Sleeping Bag,length,Option,Short
Partner sandbox,Sleeping Bag,role,Property,AdvClub
Partner sandbox,Sleeping Bag,role,Property,Mem
Partner sandbox,Sleeping Bag,role,Property,Unapproved
Partner sandbox,Sleeping Bag,role,Property,wholesaler
Partner sandbox,Sleeping Bag,sleeping-bag-shape,Property,Double
Partner sandbox,Sleeping Bag,sleeping-bag-shape,Property,Mummy
Partner sandbox,Sleeping Bag,sleeping-bag-shape,Property,Rectangular
Partner sandbox,Sleeping Bag,sleeping-bag-shape,Property,Semirectangular
Partner sandbox,Sleeping Bag,temperature-rating,Property,Under-0
Partner sandbox,Sleeping Bag,temperature-rating,Property,40-and-above
Partner sandbox,Sleeping Bag,temperature-rating,Property,1-to-14
Partner sandbox,Sleeping Bag,temperature-rating,Property,14-to-29
Partner sandbox,Sleeping Bag,temperature-rating,Property,30-to-39
Partner sandbox,Sleeping Bag,weight,Property,0-to-0.49
Partner sandbox,Sleeping Bag,weight,Property,1-to-1.49
Partner sandbox,Sleeping Bag,weight,Property,3-to-4.99
Partner sandbox,Sleeping Bag,weight,Property,0.5-to-0.99
Partner sandbox,Sleeping Bag,weight,Property,5-to-7.99
Partner sandbox,Sleeping Bag,weight,Property,8-to-11.99
Partner sandbox,Sleeping Bag,weight,Property,12-to-19.99
Partner sandbox,Sleeping Bag,weight,Property,1.50-to-2.99
Partner sandbox,Sleeping Bag,weight,Property,20-to-29.99
Partner sandbox,Sleeping Bag,zipper-location,Property,Front
Partner sandbox,Sleeping Bag,zipper-location,Property,Left
Partner sandbox,Sleeping Bag,zipper-location,Property,Left-/-Right
Partner sandbox,Sleeping Bag,zipper-location,Property,None
Partner sandbox,Sleeping Bag,zipper-location,Property,Right