MasterCatalogName,ProductCode,VariationCode,Enabled,ExtraPrice,FixedListPrice,FixedSalePrice,FixedMSRP,DeltaMSRP,FixedWeight,ExtraWeight,ExtraCost,FulfillmentTypes,MfgPartNo,UPC,DistPartNo,CreditValue,length
Partner sandbox,SleepBag_001,SleepBag_001-1,Yes,,,,,,,0.0000,,"DirectShip,InStorePickup",,,,,Long
Partner sandbox,SleepBag_001,SleepBag_001-2,Yes,,,,,,,0.0000,,"DirectShip,InStorePickup",,,,,Regular
Partner sandbox,SleepBag_001,SleepBag_001-3,Yes,,,,,,,0.0000,,"DirectShip,InStorePickup",,,,,Short
Partner sandbox,SleepBag_002,SleepBag_002-1,Yes,,,,,,,0.0000,,"DirectShip,InStorePickup",,,,,Long
Partner sandbox,SleepBag_002,SleepBag_002-2,Yes,,,,,,,0.0000,,"DirectShip,InStorePickup",,,,,Regular
Partner sandbox,SleepBag_002,SleepBag_002-3,Yes,,,,,,,0.0000,,"DirectShip,InStorePickup",,,,,Short
Partner sandbox,SleepBag_004,SleepBag_004-1,Yes,,,,,,,0.0000,,"DirectShip,InStorePickup",,,,,Long
Partner sandbox,SleepBag_004,SleepBag_004-2,Yes,,,,,,,0.0000,,"DirectShip,InStorePickup",,,,,Regular
Partner sandbox,SleepBag_004,SleepBag_004-3,Yes,,,,,,,0.0000,,"DirectShip,InStorePickup",,,,,Short
Partner sandbox,SleepBag_005,SleepBag_005-1,Yes,,,,,,,0.0000,,"DirectShip,InStorePickup",,,,,Long
Partner sandbox,SleepBag_005,SleepBag_005-2,Yes,,,,,,,0.0000,,"DirectShip,InStorePickup",,,,,Regular
Partner sandbox,SleepBag_005,SleepBag_005-3,Yes,,,,,,,0.0000,,"DirectShip,InStorePickup",,,,,Short
Partner sandbox,SleepBag_006,SleepBag_006-1,Yes,,350.0000,,,,11.0000,0.0000,,"DirectShip,InStorePickup",,,,,Long
Partner sandbox,SleepBag_006,SleepBag_006-2,Yes,,340.0000,,,,10.0000,0.0000,,"DirectShip,InStorePickup",,,,,Regular
Partner sandbox,SleepBag_006,SleepBag_006-3,Yes,,330.0000,,,,9.0000,0.0000,,"DirectShip,InStorePickup",,,,,Short
Partner sandbox,SleepBag_007,SleepBag_007-1,Yes,,,,,,,0.0000,,"DirectShip,InStorePickup",,,,,Long
Partner sandbox,SleepBag_007,SleepBag_007-2,Yes,,,,,,,0.0000,,"DirectShip,InStorePickup",,,,,Regular
Partner sandbox,SleepBag_007,SleepBag_007-3,Yes,,,,,,,0.0000,,"DirectShip,InStorePickup",,,,,Short
Partner sandbox,SleepBag_008,SleepBag_008-1,Yes,,,,,,,0.0000,,"DirectShip,InStorePickup",,,,,Long
Partner sandbox,SleepBag_008,SleepBag_008-2,Yes,,,,,,,0.0000,,"DirectShip,InStorePickup",,,,,Regular
Partner sandbox,SleepBag_008,SleepBag_008-3,Yes,,,,,,,0.0000,,"DirectShip,InStorePickup",,,,,Short
Partner sandbox,SleepBag_009,SleepBag_009-1,Yes,,,,,,,0.0000,,"DirectShip,InStorePickup",,,,,Regular
Partner sandbox,SleepBag_009,SleepBag_009-2,Yes,,,,,,,0.0000,,"DirectShip,InStorePickup",,,,,Short
Partner sandbox,SleepBag_010,SleepBag_010-1,Yes,,,,,,,0.0000,,"DirectShip,InStorePickup",,,,,Long
Partner sandbox,SleepBag_010,SleepBag_010-2,Yes,,,,,,,0.0000,,"DirectShip,InStorePickup",,,,,Regular
Partner sandbox,SleepBag_010,SleepBag_010-3,Yes,,,,,,,0.0000,,"DirectShip,InStorePickup",,,,,Short
Partner sandbox,SleepBag_011,SleepBag_011-1,Yes,,,,,,,0.0000,,"DirectShip,InStorePickup",,,,,Long
Partner sandbox,SleepBag_011,SleepBag_011-2,Yes,,,,,,,0.0000,,"DirectShip,InStorePickup",,,,,Regular
Partner sandbox,SleepBag_011,SleepBag_011-3,Yes,,,,,,,0.0000,,"DirectShip,InStorePickup",,,,,Short
Partner sandbox,SleepBag_012,SleepBag_012-1,Yes,,,,,,,0.0000,,"DirectShip,InStorePickup",,,,,Long
Partner sandbox,SleepBag_012,SleepBag_012-2,Yes,,,,,,,0.0000,,"DirectShip,InStorePickup",,,,,Regular
Partner sandbox,SleepBag_012,SleepBag_012-3,Yes,,,,,,,0.0000,,"DirectShip,InStorePickup",,,,,Short
Partner sandbox,SleepBag_015,SleepBag_015-1,Yes,,,,,,,0.0000,,"DirectShip,InStorePickup",,,,,Long
Partner sandbox,SleepBag_015,SleepBag_015-2,Yes,,,,,,,0.0000,,"DirectShip,InStorePickup",,,,,Regular
Partner sandbox,SleepBag_015,SleepBag_015-3,Yes,,,,,,,0.0000,,"DirectShip,InStorePickup",,,,,Short
Partner sandbox,SleepBag_016,SleepBag_016-1,Yes,,,,,,,0.0000,,"DirectShip,InStorePickup",,,,,Long
Partner sandbox,SleepBag_016,SleepBag_016-2,Yes,,,,,,,0.0000,,"DirectShip,InStorePickup",,,,,Regular
Partner sandbox,SleepBag_016,SleepBag_016-3,Yes,,,,,,,0.0000,,"DirectShip,InStorePickup",,,,,Short
Partner sandbox,SleepBag_017,SleepBag_017-1,Yes,,,,,,,0.0000,,"DirectShip,InStorePickup",,,,,Long
Partner sandbox,SleepBag_017,SleepBag_017-2,Yes,,,,,,,0.0000,,"DirectShip,InStorePickup",,,,,Regular
Partner sandbox,SleepBag_017,SleepBag_017-3,Yes,,,,,,,0.0000,,"DirectShip,InStorePickup",,,,,Short