MasterCatalogName,ProductType,AttributeCode,Type,IsRequiredByAdmin,IsHiddenProperty,IsMultiValueProperty,IsAdminOnlyProperty,IsProductDetailsOnlyProperty,Order
Partner sandbox,Base,availability,Property,No,No,No,No,No,1
Partner sandbox,Base,product-crosssell,Property,No,No,No,No,No,2
Partner sandbox,Base,popularity,Property,No,No,No,No,No,6
Partner sandbox,Base,rating,Property,No,No,No,No,No,5
Partner sandbox,Base,product-related,Property,No,No,No,No,No,4
Partner sandbox,Base,product-upsell,Property,No,No,No,No,No,3
Partner sandbox,Base,best-use,Property,No,No,No,No,Yes,0
Partner sandbox,Base,brand,Property,No,No,No,No,Yes,0
Partner sandbox,Base,hot-item,Property,No,No,No,No,Yes,0
Partner sandbox,Base,materials,Property,No,No,No,No,Yes,0
Partner sandbox,Base,mystic-tested,Property,No,No,No,No,Yes,0
Partner sandbox,Base,product-video-1,Property,No,No,No,No,Yes,0
Partner sandbox,Base,season,Property,No,No,No,No,Yes,0
Partner sandbox,Base,specifications,Property,No,No,No,No,Yes,0
Partner sandbox,Base,top-seller,Property,No,No,No,No,Yes,0
Partner sandbox,Tents,availability,Property,No,No,No,No,No,0
Partner sandbox,Tents,product-crosssell,Property,No,No,No,No,No,0
Partner sandbox,Tents,popularity,Property,No,No,No,No,No,0
Partner sandbox,Tents,rating,Property,No,No,No,No,No,0
Partner sandbox,Tents,product-related,Property,No,No,No,No,No,0
Partner sandbox,Tents,product-upsell,Property,No,No,No,No,No,0
Partner sandbox,Tents,backpack-extra-test,Extra,No,No,No,No,No,1
Partner sandbox,Tents,best-use,Property,No,No,No,No,Yes,0
Partner sandbox,Tents,brand,Property,No,No,No,No,Yes,0
Partner sandbox,Tents,faset-color,Property,No,No,No,No,No,2
Partner sandbox,Tents,features,Property,No,No,No,No,No,4
Partner sandbox,Tents,floor-area-sq-ft-,Property,No,No,No,No,No,5
Partner sandbox,Tents,hazardous,Property,No,No,No,No,No,12
Partner sandbox,Tents,hot-item,Property,No,No,No,No,Yes,-2147483648
Partner sandbox,Tents,materials,Property,No,No,No,No,Yes,-2147483648
Partner sandbox,Tents,minimum-trail-weight-lbs,Property,No,No,No,No,No,6
Partner sandbox,Tents,mystic-tested,Property,No,No,No,No,Yes,-2147483648
Partner sandbox,Tents,number-of-doors,Property,No,No,No,No,No,7
Partner sandbox,Tents,number-of-poles,Property,No,No,No,No,No,8
Partner sandbox,Tents,pole-diameter-mm-,Property,No,No,No,No,No,1
Partner sandbox,Tents,pole-material,Property,No,No,No,No,No,3
Partner sandbox,Tents,product-video-1,Property,No,No,No,No,Yes,0
Partner sandbox,Tents,role,Property,No,No,No,No,No,0
Partner sandbox,Tents,season,Property,No,No,No,No,Yes,0
Partner sandbox,Tents,seasons,Property,No,No,No,No,No,9
Partner sandbox,Tents,sleeping-capacity,Property,No,No,No,No,No,10
Partner sandbox,Tents,specifications,Property,No,No,No,No,Yes,-2147483648
Partner sandbox,Tents,tent-extras,Extra,No,No,No,No,No,2
Partner sandbox,Tents,tent-length,Property,No,No,No,No,No,11
Partner sandbox,Tents,tent-type,Property,No,No,No,No,No,12
Partner sandbox,Tents,top-seller,Property,No,No,No,No,Yes,-2147483648
Partner sandbox,Tents,vestibule-area-sq-ft-,Property,No,No,No,No,No,11
Partner sandbox,Sleeping Bag,availability,Property,No,No,No,No,No,0
Partner sandbox,Sleeping Bag,product-crosssell,Property,No,No,No,No,No,0
Partner sandbox,Sleeping Bag,popularity,Property,No,No,No,No,No,0
Partner sandbox,Sleeping Bag,rating,Property,No,No,No,No,No,0
Partner sandbox,Sleeping Bag,product-related,Property,No,No,No,No,No,0
Partner sandbox,Sleeping Bag,product-upsell,Property,No,No,No,No,No,0
Partner sandbox,Sleeping Bag,best-use,Property,No,No,No,No,Yes,0
Partner sandbox,Sleeping Bag,brand,Property,No,No,No,No,Yes,0
Partner sandbox,Sleeping Bag,fits-up-to,Property,No,No,No,No,No,7
Partner sandbox,Sleeping Bag,gender,Property,No,No,No,No,No,1
Partner sandbox,Sleeping Bag,hot-item,Property,No,No,No,No,Yes,0
Partner sandbox,Sleeping Bag,insulation-type,Property,No,No,No,No,No,3
Partner sandbox,Sleeping Bag,length,Option,No,No,No,No,No,1
Partner sandbox,Sleeping Bag,materials,Property,No,No,No,No,Yes,0
Partner sandbox,Sleeping Bag,monogram,Extra,No,No,No,No,No,0
Partner sandbox,Sleeping Bag,mystic-tested,Property,No,No,No,No,Yes,0
Partner sandbox,Sleeping Bag,product-video-1,Property,No,No,No,No,Yes,0
Partner sandbox,Sleeping Bag,role,Property,No,No,No,No,No,0
Partner sandbox,Sleeping Bag,season,Property,No,No,No,No,Yes,0
Partner sandbox,Sleeping Bag,sleeping-bag-shape,Property,No,No,No,No,No,2
Partner sandbox,Sleeping Bag,specifications,Property,No,No,No,No,Yes,0
Partner sandbox,Sleeping Bag,temperature-rating,Property,No,No,No,No,No,4
Partner sandbox,Sleeping Bag,top-seller,Property,No,No,No,No,Yes,0
Partner sandbox,Sleeping Bag,weight,Property,No,No,No,No,No,5
Partner sandbox,Sleeping Bag,zipper-location,Property,No,No,No,No,No,6
Partner sandbox,Camp Stove,availability,Property,No,No,No,No,No,0
Partner sandbox,Camp Stove,product-crosssell,Property,No,No,No,No,No,0
Partner sandbox,Camp Stove,popularity,Property,No,No,No,No,No,0
Partner sandbox,Camp Stove,rating,Property,No,No,No,No,No,0
Partner sandbox,Camp Stove,product-related,Property,No,No,No,No,No,0
Partner sandbox,Camp Stove,product-upsell,Property,No,No,No,No,No,0
Partner sandbox,Camp Stove,average-boil-time-min-,Property,No,No,No,No,No,2
Partner sandbox,Camp Stove,best-use,Property,No,No,No,No,No,0
Partner sandbox,Camp Stove,brand,Property,No,No,No,No,No,0
Partner sandbox,Camp Stove,btu-total,Property,No,No,No,No,No,4
Partner sandbox,Camp Stove,features,Property,No,No,No,No,No,5
Partner sandbox,Camp Stove,fuel,Property,No,No,No,No,No,6
Partner sandbox,Camp Stove,insulated,Property,No,No,No,No,No,1
Partner sandbox,Camp Stove,number-of-burners,Property,No,No,No,No,No,3
Partner sandbox,Camp Stove,product-video-1,Property,No,No,No,No,No,0
Partner sandbox,Camp Stove,season,Property,No,No,No,No,No,0
Partner sandbox,Camp Stove,weight,Property,No,No,No,No,No,7
Partner sandbox,Camping Bundles,availability,Property,No,No,No,No,No,0
Partner sandbox,Camping Bundles,product-crosssell,Property,No,No,No,No,No,0
Partner sandbox,Camping Bundles,popularity,Property,No,No,No,No,No,0
Partner sandbox,Camping Bundles,rating,Property,No,No,No,No,No,0
Partner sandbox,Camping Bundles,product-related,Property,No,No,No,No,No,0
Partner sandbox,Camping Bundles,product-upsell,Property,No,No,No,No,No,0
Partner sandbox,Camping Bundles,best-use,Property,No,No,No,No,No,0
Partner sandbox,Camping Bundles,brand,Property,No,No,No,No,No,0
Partner sandbox,Camping Bundles,camping-bundle-packs,Extra,No,No,No,No,No,1
Partner sandbox,Camping Bundles,product-video-1,Property,No,No,No,No,No,0
Partner sandbox,Camping Bundles,season,Property,No,No,No,No,No,0